player_id,player_display_name,position,recent_team,season,season_type,completions,attempts,passing_yards,passing_tds,interceptions,sacks_suffered,sack_yards,sack_fumbles,sack_fumbles_lost,passing_first_downs,carries,rushing_yards,rushing_tds,rushing_fumbles,rushing_fumbles_lost,rushing_first_downs,passing_epa,rushing_epa,dropbacks,recorded_qb_fumbles,recorded_qb_fumbles_lost,nfl_passer_rating,yards_per_attempt,interception_rate,sack_rate,fumble_rate,qb_rushing_yards_per_dropback,source_asset
00-0019596,Tom Brady,QB,TB,2021,REG,485,719,5316,43,12,22,-144,3,2,269,28,81,2,1,1,14,144.76788371,3.85047855,741,4,3,102.083333,7.39360223,0.01668985,0.02968961,0.00539811,0.10931174,stats_player_reg_2021.csv.gz
00-0022924,Ben Roethlisberger,QB,PIT,2021,REG,390,605,3740,22,10,38,-239,9,5,188,20,5,1,0,0,3,-45.31755301,-1.97940343,643,9,5,86.794077,6.18181818,0.01652893,0.05909798,0.01399689,0.00777605,stats_player_reg_2021.csv.gz
00-0023459,Aaron Rodgers,QB,GB,2021,REG,366,531,4115,37,4,30,-188,1,0,213,33,101,3,2,0,10,128.81906196,5.83122421,561,3,0,111.899718,7.74952919,0.00753296,0.05347594,0.00534759,0.18003565,stats_player_reg_2021.csv.gz
00-0023682,Ryan Fitzpatrick,QB,WAS,2021,REG,3,6,13,0,0,1,-2,1,0,0,1,2,0,0,0,0,-4.27462314,-1.19552434,7,1,0,56.25,2.16666667,0,0.14285714,0.14285714,0.28571429,stats_player_reg_2021.csv.gz
00-0026143,Matt Ryan,QB,ATL,2021,REG,375,560,3968,20,12,40,-274,5,3,195,40,82,1,5,1,9,6.3307918,-17.84899176,600,10,4,90.386905,7.08571429,0.02142857,0.06666667,0.01666667,0.13666667,stats_player_reg_2021.csv.gz
00-0026158,Joe Flacco,QB,NYJ,2021,REG,27,42,338,3,0,2,-13,1,1,14,2,3,0,0,0,1,6.29411908,0.16710712,44,1,1,112.996032,8.04761905,0,0.04545455,0.02272727,0.06818182,stats_player_reg_2021.csv.gz
00-0026197,Chad Henne,QB,KC,2021,REG,11,16,82,0,0,0,0,0,0,6,8,0,0,2,0,0,4.04798453,-1.98729498,16,2,0,80.729167,5.125,0,0,0.125,0,stats_player_reg_2021.csv.gz
00-0026300,Josh Johnson,QB,BAL,2021,REG,57,85,638,5,2,3,-23,0,0,39,9,28,0,2,0,1,27.38747693,-3.08534805,88,2,0,99.044118,7.50588235,0.02352941,0.03409091,0.02272727,0.31818182,stats_player_reg_2021.csv.gz
00-0026498,Matthew Stafford,QB,LA,2021,REG,404,601,4886,41,17,30,-243,3,2,233,32,43,0,1,0,8,117.5954231,-1.90165293,631,4,2,102.929146,8.12978369,0.02828619,0.04754358,0.00633914,0.0681458,stats_player_reg_2021.csv.gz
00-0026544,Chase Daniel,QB,LAC,2021,REG,0,0,0,0,0,0,0,0,0,0,2,-2,0,0,0,0,0,0,0,0,0,,,,,,,stats_player_reg_2021.csv.gz
00-0026625,Brian Hoyer,QB,NE,2021,REG,9,11,227,1,0,0,0,0,0,8,11,-8,0,0,0,1,20.87713444,-4.04850489,11,0,0,149.05303,20.63636364,0,0,0,-0.72727273,stats_player_reg_2021.csv.gz
00-0027688,Colt McCoy,QB,ARI,2021,REG,74,99,740,3,1,6,-40,2,1,39,22,37,0,1,0,6,14.31349176,-12.58592208,105,3,1,101.409933,7.47474747,0.01010101,0.05714286,0.02857143,0.35238095,stats_player_reg_2021.csv.gz
00-0027939,Cam Newton,QB,CAR,2021,REG,69,126,684,4,5,10,-83,0,0,32,47,230,5,4,1,20,-39.72842059,1.76466067,136,4,1,64.384921,5.42857143,0.03968254,0.07352941,0.02941176,1.69117647,stats_player_reg_2021.csv.gz
00-0027948,Blaine Gabbert,QB,TB,2021,REG,7,11,67,0,0,1,-10,0,0,4,9,-7,0,0,0,0,0.19183512,-14.47099132,12,0,0,80.492424,6.09090909,0,0.08333333,0,-0.58333333,stats_player_reg_2021.csv.gz
00-0027973,Andy Dalton,QB,CHI,2021,REG,149,236,1515,8,9,18,-143,1,1,83,16,76,0,0,0,2,-30.05405377,-0.76132899,254,1,1,76.853814,6.41949153,0.03813559,0.07086614,0.00393701,0.2992126,stats_player_reg_2021.csv.gz
00-0028118,Tyrod Taylor,QB,HOU,2021,REG,91,150,966,5,5,13,-119,0,0,44,19,151,3,3,0,7,-14.87561488,13.61909061,163,3,0,76.694444,6.44,0.03333333,0.0797546,0.01840491,0.92638037,stats_player_reg_2021.csv.gz
00-0028986,Case Keenum,QB,CLE,2021,REG,47,72,462,3,1,5,-29,1,1,25,12,22,0,0,0,6,-8.27625317,-4.51051827,77,1,1,91.319444,6.41666667,0.01388889,0.06493506,0.01298701,0.28571429,stats_player_reg_2021.csv.gz
00-0029263,Russell Wilson,QB,SEA,2021,REG,259,400,3113,25,6,33,-266,4,1,135,43,183,2,2,0,17,16.61203137,-2.42791387,433,6,1,103.052083,7.7825,0.015,0.07621247,0.01385681,0.42263279,stats_player_reg_2021.csv.gz
00-0029567,Nick Foles,QB,CHI,2021,REG,24,35,250,1,0,4,-21,1,0,14,4,8,0,0,0,1,5.53918238,-0.01544391,39,1,0,98.511905,7.14285714,0,0.1025641,0.02564103,0.20512821,stats_player_reg_2021.csv.gz
00-0029604,Kirk Cousins,QB,MIN,2021,REG,372,561,4221,33,7,28,-197,10,2,192,29,115,1,2,0,8,68.79256777,-4.47916272,589,12,2,103.100862,7.52406417,0.01247772,0.0475382,0.02037351,0.19524618,stats_player_reg_2021.csv.gz
00-0029701,Ryan Tannehill,QB,TEN,2021,REG,357,531,3734,21,14,47,-327,6,3,192,55,270,7,4,1,33,25.66361345,34.28934093,578,10,4,89.606874,7.03201507,0.02636535,0.08131488,0.01730104,0.46712803,stats_player_reg_2021.csv.gz
00-0030520,Mike Glennon,QB,NYG,2021,REG,90,167,790,4,10,9,-68,4,3,43,7,33,1,1,0,2,-81.78796343,-3.70725088,176,5,3,49.738024,4.73053892,0.05988024,0.05113636,0.02840909,0.1875,stats_player_reg_2021.csv.gz
00-0030565,Geno Smith,QB,SEA,2021,REG,65,95,702,5,1,13,-117,1,1,31,9,42,1,0,0,3,-1.23674028,3.66690282,108,1,1,103.048246,7.38947368,0.01052632,0.12037037,0.00925926,0.38888889,stats_player_reg_2021.csv.gz
00-0031237,Teddy Bridgewater,QB,DEN,2021,REG,285,426,3052,18,7,31,-211,0,0,146,30,106,2,1,1,16,57.11457155,1.64563873,457,1,1,94.923709,7.16431925,0.01643192,0.0678337,0.00218818,0.23194748,stats_player_reg_2021.csv.gz
00-0031280,Derek Carr,QB,LV,2021,REG,428,626,4804,23,14,40,-241,9,5,217,40,108,0,4,0,9,37.46051882,-4.12711846,666,13,5,93.962993,7.67412141,0.02236422,0.06006006,0.01951952,0.16216216,stats_player_reg_2021.csv.gz
00-0031345,Jimmy Garoppolo,QB,SF,2021,REG,301,441,3810,20,12,29,-201,4,2,172,38,51,3,4,1,15,93.18086054,3.30761891,470,8,3,98.738662,8.63945578,0.02721088,0.06170213,0.01702128,0.10851064,stats_player_reg_2021.csv.gz
00-0031395,Garrett Gilbert,QB,WAS,2021,REG,20,31,194,0,0,2,-20,1,0,8,0,0,0,0,0,0,-2.75039311,0,33,1,0,81.922043,6.25806452,0,0.06060606,0.03030303,0,stats_player_reg_2021.csv.gz
00-0031503,Jameis Winston,QB,NO,2021,REG,95,161,1170,14,3,11,-69,1,1,56,32,166,1,0,0,17,21.81038704,16.88067298,172,1,1,102.756211,7.26708075,0.01863354,0.06395349,0.00581395,0.96511628,stats_player_reg_2021.csv.gz
00-0031800,Taylor Heinicke,QB,WAS,2021,REG,321,494,3419,20,15,38,-278,4,2,167,60,313,1,3,0,20,-29.35731558,4.40026229,532,7,2,85.914305,6.92105263,0.03036437,0.07142857,0.01315789,0.58834586,stats_player_reg_2021.csv.gz
00-0032156,Trevor Siemian,QB,NO,2021,REG,108,188,1154,11,3,9,-64,2,1,61,9,20,1,0,0,2,-10.49230569,-3.77158512,197,2,1,88.386525,6.13829787,0.01595745,0.04568528,0.01015228,0.10152284,stats_player_reg_2021.csv.gz
00-0032245,Sean Mannion,QB,MIN,2021,REG,22,36,189,1,0,2,-15,0,0,8,2,14,0,0,0,2,-10.91159546,2.50176164,38,0,0,84.143519,5.25,0,0.05263158,0,0.36842105,stats_player_reg_2021.csv.gz
00-0032268,Marcus Mariota,QB,LV,2021,REG,1,2,4,0,0,0,0,0,0,0,13,87,1,1,0,6,-0.72042843,7.24332088,2,1,0,56.25,2,0,0,0.5,43.5,stats_player_reg_2021.csv.gz
00-0032434,Brandon Allen,QB,CIN,2021,REG,17,34,149,2,0,4,-33,1,0,5,7,-1,0,0,0,1,-11.59208547,-6.82555353,38,1,0,81.617647,4.38235294,0,0.10526316,0.02631579,-0.02631579,stats_player_reg_2021.csv.gz
00-0032950,Carson Wentz,QB,IND,2021,REG,322,516,3563,27,7,32,-227,4,4,165,57,215,1,4,1,21,13.05873,7.85790186,548,8,5,94.646318,6.90503876,0.01356589,0.05839416,0.01459854,0.39233577,stats_player_reg_2021.csv.gz
00-0033077,Dak Prescott,QB,DAL,2021,REG,410,596,4449,37,10,30,-144,5,3,227,48,146,1,7,3,7,108.33346017,-23.35592286,626,12,6,104.215604,7.4647651,0.01677852,0.04792332,0.01916933,0.23322684,stats_player_reg_2021.csv.gz
00-0033106,Jared Goff,QB,DET,2021,REG,332,494,3245,19,8,35,-280,6,4,162,17,87,0,3,2,4,-25.53108354,-13.91352125,529,9,6,91.531714,6.56882591,0.01619433,0.06616257,0.01701323,0.16446125,stats_player_reg_2021.csv.gz
00-0033119,Jacoby Brissett,QB,MIA,2021,REG,141,225,1283,5,4,19,-132,4,3,69,19,70,1,0,0,9,-22.85802131,3.04190992,244,4,3,78.064815,5.70222222,0.01777778,0.07786885,0.01639344,0.28688525,stats_player_reg_2021.csv.gz
00-0033275,PJ Walker,QB,CAR,2021,REG,36,66,362,1,3,7,-47,0,0,19,7,13,0,2,1,2,-14.4491259,-5.59150962,73,2,1,56.502525,5.48484848,0.04545455,0.09589041,0.02739726,0.17808219,stats_player_reg_2021.csv.gz
00-0033319,Nick Mullens,QB,CLE,2021,REG,20,30,147,1,0,0,0,0,0,9,0,0,0,0,0,0,2.16466211,0,30,0,0,89.166667,4.9,0,0,0,0,stats_player_reg_2021.csv.gz
00-0033550,Davis Webb,QB,BUF,2021,REG,0,0,0,0,0,0,0,0,0,0,2,-3,0,0,0,0,0,0,0,0,0,,,,,,,stats_player_reg_2021.csv.gz
00-0033662,Cooper Rush,QB,DAL,2021,REG,30,47,422,3,1,3,-19,1,1,18,9,-8,0,0,0,0,8.02569448,-0.61772607,50,1,1,105.097518,8.9787234,0.0212766,0.06,0.02,-0.16,stats_player_reg_2021.csv.gz
00-0033869,Mitchell Trubisky,QB,BUF,2021,REG,6,8,43,0,1,0,0,0,0,2,13,24,1,0,0,3,-1.66113387,-3.85445407,8,0,0,47.395833,5.375,0.125,0,0,3,stats_player_reg_2021.csv.gz
00-0033873,Patrick Mahomes,QB,KC,2021,REG,436,658,4839,37,13,28,-146,5,2,260,66,381,2,3,2,25,138.78744913,14.3284487,686,8,4,98.454914,7.35410334,0.01975684,0.04081633,0.01166181,0.55539359,stats_player_reg_2021.csv.gz
00-0033936,C.J. Beathard,QB,JAX,2021,REG,2,2,33,0,0,0,0,0,0,1,1,2,0,0,0,0,1.82905437,-0.55041191,2,0,0,118.75,16.5,0,0,0,1,stats_player_reg_2021.csv.gz
00-0033958,Nathan Peterman,QB,LV,2021,REG,0,0,0,0,0,0,0,0,0,0,2,2,0,0,0,1,0,0.75348011,0,0,0,,,,,,,stats_player_reg_2021.csv.gz
00-0034131,Kurt Benkert,QB,GB,2021,REG,0,0,0,0,0,0,0,0,0,0,2,-1,0,0,0,0,0,0,0,0,0,,,,,,,stats_player_reg_2021.csv.gz
00-0034177,Tim Boyle,QB,DET,2021,REG,61,94,526,3,6,0,0,0,0,28,2,13,0,0,0,1,-3.84551067,1.87784463,94,0,0,63.519504,5.59574468,0.06382979,0,0,0.13829787,stats_player_reg_2021.csv.gz
00-0034343,Josh Rosen,QB,ATL,2021,REG,2,11,19,0,2,0,0,0,0,1,0,0,0,0,0,0,-18.70487696,0,11,0,0,0,1.72727273,0.18181818,0,0,0,stats_player_reg_2021.csv.gz
00-0034401,Mike White,QB,NYJ,2021,REG,88,132,953,5,8,4,-18,0,0,49,5,-1,0,0,0,2,1.99317852,-0.67021958,136,0,0,75.094697,7.21969697,0.06060606,0.02941176,0,-0.00735294,stats_player_reg_2021.csv.gz
00-0034438,Logan Woodside,QB,TEN,2021,REG,0,0,0,0,0,0,0,0,0,0,6,-6,0,0,0,0,0,-4.56186694,0,0,0,,,,,,,stats_player_reg_2021.csv.gz
00-0034577,Kyle Allen,QB,WAS,2021,REG,12,19,120,1,0,2,-5,1,1,6,2,11,0,0,0,1,0.39260219,-0.23591408,21,1,1,98.574561,6.31578947,0,0.0952381,0.04761905,0.52380952,stats_player_reg_2021.csv.gz
00-0034771,Mason Rudolph,QB,PIT,2021,REG,35,58,277,1,1,0,0,0,0,16,5,53,0,0,0,3,-8.75338017,3.0559423,58,0,0,70.833333,4.77586207,0.01724138,0,0,0.9137931,stats_player_reg_2021.csv.gz
00-0034796,Lamar Jackson,QB,BAL,2021,REG,246,382,2882,16,13,38,-190,2,1,135,133,767,2,3,2,48,18.43670087,15.51511211,420,5,3,86.965532,7.54450262,0.03403141,0.09047619,0.01190476,1.82619048,stats_player_reg_2021.csv.gz
00-0034855,Baker Mayfield,QB,CLE,2021,REG,253,418,3010,17,13,43,-269,5,3,143,37,134,1,1,0,12,-5.39741305,6.11131856,461,6,3,83.124003,7.20095694,0.03110048,0.09327549,0.01301518,0.29067245,stats_player_reg_2021.csv.gz
00-0034857,Josh Allen,QB,BUF,2021,REG,409,646,4407,36,15,26,-164,3,1,234,122,763,6,5,2,54,79.99285779,55.64671763,672,8,3,92.169763,6.82198142,0.02321981,0.03869048,0.01190476,1.13541667,stats_player_reg_2021.csv.gz
00-0034869,Sam Darnold,QB,CAR,2021,REG,243,406,2527,9,13,35,-204,5,2,123,48,222,5,2,2,21,-76.71357972,3.87888622,441,7,4,71.941708,6.22413793,0.0320197,0.07936508,0.01587302,0.50340136,stats_player_reg_2021.csv.gz
00-0034899,John Wolford,QB,LA,2021,REG,1,4,5,0,1,1,-8,0,0,0,2,-1,0,0,0,0,-6.36047899,-1.03255195,5,0,0,0,1.25,0.25,0.2,0,-0.2,stats_player_reg_2021.csv.gz
00-0034955,Brett Rypien,QB,DEN,2021,REG,0,2,0,0,0,0,0,0,0,0,0,0,0,0,0,0,-2.05911779,0,2,0,0,39.583333,0,0,0,0,0,stats_player_reg_2021.csv.gz
00-0035040,David Blough,QB,DET,2021,REG,0,0,0,0,0,1,-6,1,0,0,1,6,0,0,0,0,-0.93051237,0.34443785,1,1,0,,,,1,1,6,stats_player_reg_2021.csv.gz
00-0035228,Kyler Murray,QB,ARI,2021,REG,333,481,3787,24,10,31,-286,1,0,172,88,423,5,10,0,25,64.44055305,4.64207029,512,11,0,100.550069,7.87318087,0.02079002,0.06054688,0.02148438,0.82617188,stats_player_reg_2021.csv.gz
00-0035289,Gardner Minshew,QB,PHI,2021,REG,41,60,439,4,1,5,-31,1,0,24,9,21,0,0,0,2,15.88159751,-1.08274676,65,1,0,104.791667,7.31666667,0.01666667,0.07692308,0.01538462,0.32307692,stats_player_reg_2021.csv.gz
00-0035704,Drew Lock,QB,DEN,2021,REG,67,111,787,2,2,9,-52,1,0,32,10,53,2,1,1,5,-9.21884352,0.13834565,120,2,1,80.424174,7.09009009,0.01801802,0.075,0.01666667,0.44166667,stats_player_reg_2021.csv.gz
00-0035710,Daniel Jones,QB,NYG,2021,REG,232,361,2428,10,7,22,-160,5,2,116,62,298,2,2,1,16,-11.39888125,7.62766782,383,7,3,84.816482,6.72576177,0.01939058,0.05744125,0.01827676,0.77806789,stats_player_reg_2021.csv.gz
00-0035752,Chris Streveler,QB,ARI,2021,REG,6,9,36,0,0,2,-17,0,0,1,3,6,0,1,0,0,-4.25655592,-5.70626846,11,1,0,74.305556,4,0,0.18181818,0.09090909,0.54545455,stats_player_reg_2021.csv.gz
00-0035993,Tyler Huntley,QB,BAL,2021,REG,122,188,1081,3,4,18,-107,3,2,55,47,294,2,1,1,22,-30.69721204,15.72075095,206,4,3,76.573582,5.75,0.0212766,0.08737864,0.01941748,1.42718447,stats_player_reg_2021.csv.gz
00-0036197,Jake Fromm,QB,NYG,2021,REG,27,60,210,1,3,6,-33,2,1,10,8,65,0,0,0,4,-35.15658075,4.59991712,66,2,1,38.888889,3.5,0.05,0.09090909,0.03030303,0.98484848,stats_player_reg_2021.csv.gz
00-0036212,Tua Tagovailoa,QB,MIA,2021,REG,263,388,2653,16,10,20,-152,6,1,137,42,128,3,2,0,13,20.96196813,-5.07093846,408,8,1,90.066581,6.83762887,0.0257732,0.04901961,0.01960784,0.31372549,stats_player_reg_2021.csv.gz
00-0036226,Jacob Eason,QB,IND,2021,REG,2,5,25,0,1,0,0,0,0,2,0,0,0,0,0,0,-3.10254308,0,5,0,0,16.666667,5,0.2,0,0,0,stats_player_reg_2021.csv.gz
00-0036264,Jordan Love,QB,GB,2021,REG,36,62,411,2,3,3,-23,2,1,22,12,27,0,1,0,1,-7.06991972,1.7074362,65,3,1,68.682796,6.62903226,0.0483871,0.04615385,0.04615385,0.41538462,stats_player_reg_2021.csv.gz
00-0036355,Justin Herbert,QB,LAC,2021,REG,443,672,5014,38,15,31,-214,1,1,256,63,302,3,0,0,28,121.55570376,11.15809903,703,1,1,97.65625,7.46130952,0.02232143,0.04409673,0.00142248,0.42958748,stats_player_reg_2021.csv.gz
00-0036389,Jalen Hurts,QB,PHI,2021,REG,265,432,3144,16,9,26,-150,5,1,143,139,784,10,3,1,56,18.94735973,40.59119769,458,8,2,87.191358,7.27777778,0.02083333,0.05676856,0.01746725,1.71179039,stats_player_reg_2021.csv.gz
00-0036442,Joe Burrow,QB,CIN,2021,REG,366,520,4611,34,14,51,-370,4,2,202,40,118,2,1,0,14,99.65101362,3.47052069,571,5,2,108.261218,8.86730769,0.02692308,0.08931699,0.00875657,0.20665499,stats_player_reg_2021.csv.gz
00-0036879,Sam Ehlinger,QB,IND,2021,REG,0,0,0,0,0,0,0,0,0,0,3,9,0,0,0,1,0,0.04191851,0,0,0,,,,,,,stats_player_reg_2021.csv.gz
00-0036898,Davis Mills,QB,HOU,2021,REG,263,394,2664,16,10,31,-206,4,1,118,18,44,0,0,0,5,-44.68131006,-7.2879315,425,4,1,88.843063,6.76142132,0.02538071,0.07294118,0.00941176,0.10352941,stats_player_reg_2021.csv.gz
00-0036929,Ian Book,QB,NO,2021,REG,12,20,135,0,2,8,-54,0,0,5,3,6,0,0,0,1,-29.72980994,1.01957315,28,0,0,40.625,6.75,0.1,0.28571429,0,0.21428571,stats_player_reg_2021.csv.gz
00-0036945,Justin Fields,QB,CHI,2021,REG,159,270,1870,7,10,36,-264,8,4,83,72,420,2,4,1,22,-64.92877211,6.72785522,306,12,5,73.225309,6.92592593,0.03703704,0.11764706,0.03921569,1.37254902,stats_player_reg_2021.csv.gz
00-0036946,Kellen Mond,QB,MIN,2021,REG,2,3,5,0,0,0,0,0,0,0,0,0,0,0,0,0,-1.75755254,0,3,0,0,70.138889,1.66666667,0,0,0,0,stats_player_reg_2021.csv.gz
00-0036971,Trevor Lawrence,QB,JAX,2021,REG,359,602,3641,12,17,32,-238,6,5,177,73,334,2,2,0,22,-60.7478596,11.31414162,634,8,5,71.857697,6.04817276,0.0282392,0.05047319,0.0126183,0.52681388,stats_player_reg_2021.csv.gz
00-0036972,Mac Jones,QB,NE,2021,REG,352,521,3801,22,13,28,-241,4,2,177,44,129,0,3,1,22,52.87613657,-0.20518635,549,7,3,92.462412,7.29558541,0.02495202,0.05100182,0.01275046,0.23497268,stats_player_reg_2021.csv.gz
00-0037012,Trey Lance,QB,SF,2021,REG,41,71,603,5,2,4,-15,0,0,27,38,168,1,0,0,8,10.68492745,-1.75603184,75,0,0,97.329812,8.49295775,0.02816901,0.05333333,0,2.24,stats_player_reg_2021.csv.gz
00-0037013,Zach Wilson,QB,NYJ,2021,REG,213,383,2334,9,11,44,-370,4,1,112,29,185,4,0,0,10,-95.57318636,7.6129722,427,4,1,69.685596,6.09399478,0.02872063,0.1030445,0.00936768,0.43325527,stats_player_reg_2021.csv.gz
00-0019596,Tom Brady,QB,TB,2022,REG,490,733,4694,25,9,22,-160,3,2,237,29,-1,1,2,2,5,60.22426977,-20.46932075,755,5,4,90.725898,6.40381992,0.01227831,0.02913907,0.00662252,-0.0013245,stats_player_reg_2022.csv.gz
00-0023459,Aaron Rodgers,QB,GB,2022,REG,350,542,3695,26,12,32,-258,4,2,177,34,94,1,2,2,9,-5.15094554,-7.81497387,574,6,4,91.067036,6.81734317,0.02214022,0.05574913,0.01045296,0.16376307,stats_player_reg_2022.csv.gz
00-0026143,Matt Ryan,QB,IND,2022,REG,309,461,3057,14,13,38,-287,11,3,156,27,70,1,3,2,9,-28.54800578,-11.03530025,499,14,5,83.94342,6.63123644,0.02819957,0.0761523,0.02805611,0.14028056,stats_player_reg_2022.csv.gz
00-0026158,Joe Flacco,QB,NYJ,2022,REG,110,191,1051,5,3,10,-66,5,4,55,3,6,0,0,0,1,-25.36170515,-0.13692106,201,5,4,75.185428,5.5026178,0.01570681,0.04975124,0.02487562,0.02985075,stats_player_reg_2022.csv.gz
00-0026197,Chad Henne,QB,KC,2022,REG,0,2,0,0,0,0,0,0,0,0,5,-5,0,0,0,0,-1.89151387,-5.12246437,2,0,0,39.583333,0,0,0,0,-2.5,stats_player_reg_2022.csv.gz
00-0026300,Josh Johnson,QB,SF,2022,REG,1,2,10,0,0,0,0,0,0,1,2,3,0,0,0,0,-0.83584912,-3.61532552,2,0,0,64.583333,5,0,0,0,1.5,stats_player_reg_2022.csv.gz
00-0026498,Matthew Stafford,QB,LA,2022,REG,206,303,2087,10,8,29,-208,4,3,105,13,9,1,1,0,3,-24.03734682,-2.50263932,332,5,3,87.438119,6.88778878,0.02640264,0.0873494,0.01506024,0.02710843,stats_player_reg_2022.csv.gz
00-0026544,Chase Daniel,QB,LAC,2022,REG,8,12,52,1,0,1,-1,0,0,4,1,4,0,0,0,0,2.4290409,-0.80761555,13,0,0,103.472222,4.33333333,0,0.07692308,0,0.30769231,stats_player_reg_2022.csv.gz
00-0026625,Brian Hoyer,QB,NE,2022,REG,5,6,37,0,0,1,-8,0,0,2,0,0,0,0,0,0,-2.12652387,0,7,0,0,92.361111,6.16666667,0,0.14285714,0,0,stats_player_reg_2022.csv.gz
00-0027688,Colt McCoy,QB,ARI,2022,REG,90,132,780,1,3,13,-97,0,0,34,14,36,0,2,0,5,-30.0839809,1.21089051,145,2,0,76.578283,5.90909091,0.02272727,0.08965517,0.0137931,0.24827586,stats_player_reg_2022.csv.gz
00-0027948,Blaine Gabbert,QB,TB,2022,REG,6,8,29,1,0,0,0,0,0,2,0,0,0,0,0,0,0.2152442,0,8,0,0,119.270833,3.625,0,0,0,0,stats_player_reg_2022.csv.gz
00-0027973,Andy Dalton,QB,NO,2022,REG,252,378,2871,18,9,25,-189,2,1,135,30,54,0,1,0,6,19.04359704,-8.7357625,403,3,1,95.238095,7.5952381,0.02380952,0.06203474,0.00744417,0.13399504,stats_player_reg_2022.csv.gz
00-0028118,Tyrod Taylor,QB,NYG,2022,REG,6,8,58,1,1,3,-18,1,1,3,5,70,0,1,0,5,-3.33233691,9.13709432,11,2,1,94.791667,7.25,0.125,0.27272727,0.18181818,6.36363636,stats_player_reg_2022.csv.gz
00-0028986,Case Keenum,QB,BUF,2022,REG,2,7,8,0,0,0,0,0,0,0,5,0,0,0,0,0,-5.78627392,-5.39154764,7,0,0,39.583333,1.14285714,0,0,0,0,stats_player_reg_2022.csv.gz
00-0029263,Russell Wilson,QB,DEN,2022,REG,292,483,3524,16,11,55,-368,4,2,142,55,277,3,2,0,21,-56.94400973,15.22605611,538,6,2,84.415977,7.29606625,0.02277433,0.10223048,0.01115242,0.51486989,stats_player_reg_2022.csv.gz
00-0029567,Nick Foles,QB,IND,2022,REG,25,42,225,0,4,8,-48,0,0,9,2,8,0,0,0,0,-34.17122694,-4.25564577,50,0,0,34.424603,5.35714286,0.0952381,0.16,0,0.16,stats_player_reg_2022.csv.gz
00-0029604,Kirk Cousins,QB,MIN,2022,REG,424,643,4547,29,14,46,-329,5,3,230,31,97,2,2,0,11,20.67640655,1.22760684,689,7,3,92.460472,7.07153966,0.02177294,0.06676343,0.01015965,0.14078374,stats_player_reg_2022.csv.gz
00-0029701,Ryan Tannehill,QB,TEN,2022,REG,212,325,2536,13,6,33,-238,2,1,116,34,98,2,1,1,12,20.77015441,-3.5539609,358,3,2,94.596154,7.80307692,0.01846154,0.09217877,0.00837989,0.27374302,stats_player_reg_2022.csv.gz
00-0030565,Geno Smith,QB,SEA,2022,REG,399,572,4282,30,11,46,-348,5,2,206,68,366,1,3,2,24,26.87913537,1.33825872,618,8,4,100.874126,7.48601399,0.01923077,0.07443366,0.01294498,0.59223301,stats_player_reg_2022.csv.gz
00-0031237,Teddy Bridgewater,QB,MIA,2022,REG,49,79,683,4,4,7,-45,0,0,32,3,27,0,0,0,2,-0.56381756,3.37023996,86,0,0,85.574895,8.64556962,0.05063291,0.08139535,0,0.31395349,stats_player_reg_2022.csv.gz
00-0031280,Derek Carr,QB,LV,2022,REG,305,502,3522,24,14,27,-191,3,0,161,24,102,0,1,0,10,26.45458385,1.73102392,529,4,0,86.26328,7.01593625,0.02788845,0.0510397,0.00756144,0.19281664,stats_player_reg_2022.csv.gz
00-0031345,Jimmy Garoppolo,QB,SF,2022,REG,207,308,2437,16,4,18,-100,1,1,114,23,33,2,1,1,11,75.50642052,-3.06639208,326,2,2,102.962662,7.91233766,0.01298701,0.05521472,0.00613497,0.10122699,stats_player_reg_2022.csv.gz
00-0031503,Jameis Winston,QB,NO,2022,REG,73,115,858,4,5,11,-74,1,0,35,5,16,0,2,0,0,-5.95992298,-3.21933072,126,3,0,79.547101,7.46086957,0.04347826,0.08730159,0.02380952,0.12698413,stats_player_reg_2022.csv.gz
00-0031800,Taylor Heinicke,QB,WAS,2022,REG,161,259,1859,12,6,19,-141,6,5,93,28,96,1,1,0,6,-12.71099375,-4.391687,278,7,5,89.583333,7.17760618,0.02316602,0.06834532,0.02517986,0.34532374,stats_player_reg_2022.csv.gz
00-0032156,Trevor Siemian,QB,CHI,2022,REG,15,26,184,1,1,2,-14,0,0,7,4,8,0,0,0,1,-7.15439133,-0.86651877,28,0,0,76.442308,7.07692308,0.03846154,0.07142857,0,0.28571429,stats_player_reg_2022.csv.gz
00-0032268,Marcus Mariota,QB,ATL,2022,REG,184,300,2219,15,9,28,-195,3,1,111,85,438,4,4,2,30,8.15963551,9.89377345,328,7,3,88.180556,7.39666667,0.03,0.08536585,0.02134146,1.33536585,stats_player_reg_2022.csv.gz
00-0032434,Brandon Allen,QB,CIN,2022,REG,3,3,22,0,0,1,0,0,0,1,3,-1,0,0,0,1,-0.68825393,0.46789629,4,0,0,97.222222,7.33333333,0,0.25,0,-0.25,stats_player_reg_2022.csv.gz
00-0032436,Jeff Driskel,QB,HOU,2022,REG,14,20,108,1,0,2,-13,0,0,5,20,75,0,0,0,4,-2.01134103,-9.04519841,22,0,0,99.583333,5.4,0,0.09090909,0,3.40909091,stats_player_reg_2022.csv.gz
00-0032792,Nate Sudfeld,QB,DET,2022,REG,0,0,0,0,0,1,-7,0,0,0,5,-4,0,0,0,0,-0.89872781,-3.48128269,1,0,0,,,,1,0,-4,stats_player_reg_2022.csv.gz
00-0032950,Carson Wentz,QB,WAS,2022,REG,172,276,1755,11,9,26,-159,3,1,85,22,86,1,2,0,4,-39.92165214,6.07498571,302,5,1,80.208333,6.35869565,0.0326087,0.08609272,0.01655629,0.28476821,stats_player_reg_2022.csv.gz
00-0033077,Dak Prescott,QB,DAL,2022,REG,261,394,2860,23,15,20,-126,2,0,142,45,182,1,1,1,19,42.08468612,5.52394868,414,3,1,91.127327,7.25888325,0.03807107,0.04830918,0.00724638,0.43961353,stats_player_reg_2022.csv.gz
00-0033106,Jared Goff,QB,DET,2022,REG,382,587,4438,29,7,23,-156,5,3,227,29,73,0,2,1,5,102.01767572,-16.04031808,610,7,4,99.31502,7.560477,0.01192504,0.03770492,0.01147541,0.11967213,stats_player_reg_2022.csv.gz
00-0033119,Jacoby Brissett,QB,CLE,2022,REG,236,369,2608,12,6,24,-160,5,3,129,49,243,2,1,1,28,18.74563232,19.83640926,393,6,4,88.894535,7.06775068,0.01626016,0.0610687,0.01526718,0.61832061,stats_player_reg_2022.csv.gz
00-0033275,PJ Walker,QB,CAR,2022,REG,63,106,731,3,3,7,-46,0,0,30,6,39,0,0,0,3,-19.93191204,1.43185562,113,0,0,77.987421,6.89622642,0.02830189,0.0619469,0,0.34513274,stats_player_reg_2022.csv.gz
00-0033319,Nick Mullens,QB,MIN,2022,REG,21,25,224,1,1,0,0,0,0,11,4,8,0,0,0,1,12.43749514,-0.7301603,25,0,0,100.666667,8.96,0.04,0,0,0.32,stats_player_reg_2022.csv.gz
00-0033537,Deshaun Watson,QB,CLE,2022,REG,99,170,1102,7,5,20,-106,0,0,53,36,175,1,1,0,10,-23.89065204,6.22082443,190,1,0,79.093137,6.48235294,0.02941176,0.10526316,0.00526316,0.92105263,stats_player_reg_2022.csv.gz
00-0033550,Davis Webb,QB,NYG,2022,REG,23,40,168,1,0,0,0,0,0,11,6,41,1,0,0,2,-2.46332554,6.87574309,40,0,0,75.833333,4.2,0,0,0,1.025,stats_player_reg_2022.csv.gz
00-0033662,Cooper Rush,QB,DAL,2022,REG,94,162,1051,5,3,7,-49,2,0,52,9,6,0,0,0,1,-9.40141764,-3.28913391,169,2,0,80.041152,6.48765432,0.01851852,0.04142012,0.01183432,0.03550296,stats_player_reg_2022.csv.gz
00-0033869,Mitchell Trubisky,QB,PIT,2022,REG,117,180,1252,4,5,11,-68,0,0,65,19,38,2,0,0,7,8.78326838,-3.26305166,191,0,0,81.064815,6.95555556,0.02777778,0.05759162,0,0.19895288,stats_player_reg_2022.csv.gz
00-0033873,Patrick Mahomes,QB,KC,2022,REG,435,648,5250,41,12,26,-188,0,0,272,61,358,4,4,0,25,193.13120478,24.30949298,674,4,0,105.156893,8.10185185,0.01851852,0.03857567,0.00593472,0.53115727,stats_player_reg_2022.csv.gz
00-0033936,C.J. Beathard,QB,JAX,2022,REG,7,11,35,0,1,1,-5,0,0,2,4,-4,0,0,0,0,-11.60114073,0,12,0,0,30.492424,3.18181818,0.09090909,0.08333333,0,-0.33333333,stats_player_reg_2022.csv.gz
00-0033949,Joshua Dobbs,QB,TEN,2022,REG,40,68,411,2,2,6,-26,3,2,25,8,44,0,0,0,4,-8.97463654,1.78753086,74,3,2,73.835784,6.04411765,0.02941176,0.08108108,0.04054054,0.59459459,stats_player_reg_2022.csv.gz
00-0033958,Nathan Peterman,QB,CHI,2022,REG,14,25,139,1,1,1,-6,0,0,9,2,7,0,0,0,0,-5.09347055,-0.2347277,26,0,0,68.583333,5.56,0.04,0.03846154,0,0.26923077,stats_player_reg_2022.csv.gz
00-0034177,Tim Boyle,QB,CHI,2022,REG,2,8,33,0,2,0,0,0,0,2,2,-2,0,0,0,0,-5.45647898,0,8,0,0,4.6875,4.125,0.25,0,0,-0.25,stats_player_reg_2022.csv.gz
00-0034401,Mike White,QB,NYJ,2022,REG,103,175,1192,3,4,9,-76,2,1,56,6,9,1,0,0,3,-7.62786697,2.57582128,184,2,1,75.702381,6.81142857,0.02285714,0.04891304,0.01086957,0.04891304,stats_player_reg_2022.csv.gz
00-0034577,Kyle Allen,QB,HOU,2022,REG,46,78,416,2,4,5,-41,2,0,19,6,13,0,2,1,2,-35.8985657,-6.14296863,83,4,1,60.630342,5.33333333,0.05128205,0.06024096,0.04819277,0.15662651,stats_player_reg_2022.csv.gz
00-0034796,Lamar Jackson,QB,BAL,2022,REG,203,326,2242,17,7,26,-114,1,1,105,112,764,3,2,1,47,10.48033553,39.7721011,352,3,2,91.065951,6.87730061,0.02147239,0.07386364,0.00852273,2.17045455,stats_player_reg_2022.csv.gz
00-0034855,Baker Mayfield,QB,LA,2022,REG,201,335,2163,10,8,36,-217,3,1,94,31,89,1,5,1,7,-51.28869718,-7.13356569,371,8,2,78.986318,6.45671642,0.0238806,0.09703504,0.02156334,0.23989218,stats_player_reg_2022.csv.gz
00-0034857,Josh Allen,QB,BUF,2022,REG,359,567,4283,35,14,33,-162,6,3,212,124,762,7,7,2,55,101.72242585,40.40278244,600,13,5,96.608613,7.55379189,0.02469136,0.055,0.02166667,1.27,stats_player_reg_2022.csv.gz
00-0034869,Sam Darnold,QB,CAR,2022,REG,82,140,1143,7,3,10,-78,1,1,57,26,106,2,4,1,10,21.0726854,-4.00550188,150,5,2,92.64881,8.16428571,0.02142857,0.06666667,0.03333333,0.70666667,stats_player_reg_2022.csv.gz
00-0034899,John Wolford,QB,LA,2022,REG,38,62,390,1,3,7,-49,2,1,19,8,32,0,1,0,2,-19.74873906,2.05569803,69,3,1,64.583333,6.29032258,0.0483871,0.10144928,0.04347826,0.46376812,stats_player_reg_2022.csv.gz
00-0034955,Brett Rypien,QB,DEN,2022,REG,53,88,483,2,4,8,-47,1,1,24,6,7,0,1,0,2,-29.22884806,-0.54164645,96,2,1,63.778409,5.48863636,0.04545455,0.08333333,0.02083333,0.07291667,stats_player_reg_2022.csv.gz
00-0035040,David Blough,QB,ARI,2022,REG,38,58,402,2,2,5,-24,1,1,18,4,5,0,0,0,0,-4.82702917,-5.00835444,63,1,1,82.686782,6.93103448,0.03448276,0.07936508,0.01587302,0.07936508,stats_player_reg_2022.csv.gz
00-0035146,Trace McSorley,QB,ARI,2022,REG,45,83,412,0,5,3,-27,1,1,17,15,61,0,1,1,3,-37.33517951,-6.19019313,86,2,2,42.846386,4.96385542,0.06024096,0.03488372,0.02325581,0.70930233,stats_player_reg_2022.csv.gz
00-0035228,Kyler Murray,QB,ARI,2022,REG,259,390,2368,14,7,25,-192,2,0,119,67,418,3,4,2,23,-17.92884329,12.53674735,415,6,2,87.211538,6.07179487,0.01794872,0.06024096,0.01445783,1.00722892,stats_player_reg_2022.csv.gz
00-0035264,Jarrett Stidham,QB,LV,2022,REG,53,83,656,4,3,7,-47,2,1,32,14,84,0,1,0,7,-5.13012409,4.8247254,90,3,1,89.231928,7.90361446,0.03614458,0.07777778,0.03333333,0.93333333,stats_player_reg_2022.csv.gz
00-0035289,Gardner Minshew,QB,PHI,2022,REG,44,76,663,3,3,6,-28,1,0,30,7,3,1,1,1,1,7.42553154,-11.37438482,82,2,1,83.388158,8.72368421,0.03947368,0.07317073,0.02439024,0.03658537,stats_player_reg_2022.csv.gz
00-0035710,Daniel Jones,QB,NYG,2022,REG,317,472,3205,15,5,44,-243,4,2,156,120,708,7,2,1,57,21.10824777,39.27639706,516,6,3,92.522952,6.79025424,0.01059322,0.08527132,0.01162791,1.37209302,stats_player_reg_2022.csv.gz
00-0035752,Chris Streveler,QB,NYJ,2022,REG,10,15,90,0,0,0,0,0,0,5,9,54,0,1,0,1,1.72026075,1.49871271,15,1,0,82.638889,6,0,0,0.06666667,3.6,stats_player_reg_2022.csv.gz
00-0035939,Bryce Perkins,QB,LA,2022,REG,19,34,161,1,2,6,-50,0,0,10,19,90,0,0,0,6,-18.65093132,2.46656574,40,0,0,53.676471,4.73529412,0.05882353,0.15,0,2.25,stats_player_reg_2022.csv.gz
00-0035993,Tyler Huntley,QB,BAL,2022,REG,75,112,658,2,3,7,-34,0,0,31,43,137,1,3,0,12,-7.1703311,-2.79328164,119,3,0,77.157738,5.875,0.02678571,0.05882353,0.02521008,1.1512605,stats_player_reg_2022.csv.gz
00-0036212,Tua Tagovailoa,QB,MIA,2022,REG,259,400,3548,25,8,21,-163,4,1,162,24,70,0,2,0,4,96.42123343,-9.16448224,421,6,1,105.5,8.87,0.02,0.04988124,0.01425178,0.16627078,stats_player_reg_2022.csv.gz
00-0036226,Jacob Eason,QB,CAR,2022,REG,3,5,59,0,1,0,0,0,0,2,0,0,0,0,0,0,-2.2612818,0,5,0,0,61.666667,11.8,0.2,0,0,0,stats_player_reg_2022.csv.gz
00-0036264,Jordan Love,QB,GB,2022,REG,14,21,195,1,0,0,0,0,0,9,1,-1,0,0,0,0,3.53086,0,21,0,0,112.202381,9.28571429,0,0,0,-0.04761905,stats_player_reg_2022.csv.gz
00-0036355,Justin Herbert,QB,LAC,2022,REG,477,699,4739,25,10,38,-206,4,3,228,54,147,0,3,0,17,24.51150265,10.1907127,737,7,3,93.159871,6.77968526,0.01430615,0.05156038,0.00949796,0.19945726,stats_player_reg_2022.csv.gz
00-0036389,Jalen Hurts,QB,PHI,2022,REG,306,460,3701,22,6,38,-231,4,2,165,165,760,13,5,0,67,71.27008705,49.74334291,498,9,2,101.548913,8.04565217,0.01304348,0.07630522,0.01807229,1.52610442,stats_player_reg_2022.csv.gz
00-0036442,Joe Burrow,QB,CIN,2022,REG,414,606,4475,35,12,41,-259,6,3,219,75,257,5,0,0,27,89.21103732,2.73721009,647,6,3,100.783828,7.38448845,0.01980198,0.0633694,0.00927357,0.39721793,stats_player_reg_2022.csv.gz
00-0036879,Sam Ehlinger,QB,IND,2022,REG,64,101,573,3,3,14,-87,1,1,28,17,87,0,1,0,5,-40.58373257,5.58181667,115,2,1,76.05198,5.67326733,0.02970297,0.12173913,0.0173913,0.75652174,stats_player_reg_2022.csv.gz
00-0036898,Davis Mills,QB,HOU,2022,REG,292,479,3118,17,15,31,-244,5,2,135,32,108,2,3,1,8,-74.22938194,2.14915217,510,8,3,78.788274,6.50939457,0.03131524,0.06078431,0.01568627,0.21176471,stats_player_reg_2022.csv.gz
00-0036928,Kyle Trask,QB,TB,2022,REG,3,9,23,0,0,0,0,0,0,1,0,0,0,0,0,0,-5.33255964,0,9,0,0,42.361111,2.55555556,0,0,0,0,stats_player_reg_2022.csv.gz
00-0036945,Justin Fields,QB,CHI,2022,REG,192,318,2242,17,11,55,-359,7,2,91,160,1143,8,8,0,65,-67.55924912,65.18292775,373,15,2,85.180818,7.05031447,0.03459119,0.14745308,0.04021448,3.06434316,stats_player_reg_2022.csv.gz
00-0036971,Trevor Lawrence,QB,JAX,2022,REG,387,584,4113,25,8,27,-184,7,5,206,62,291,5,5,4,27,83.84365791,-5.21947004,611,12,9,95.212614,7.04280822,0.01369863,0.04418985,0.01963993,0.47626841,stats_player_reg_2022.csv.gz
00-0036972,Mac Jones,QB,NE,2022,REG,288,442,2997,14,11,34,-231,2,1,127,47,102,1,2,0,12,-30.19419021,-4.2705419,476,4,1,84.822775,6.78054299,0.02488688,0.07142857,0.00840336,0.21428571,stats_player_reg_2022.csv.gz
00-0037012,Trey Lance,QB,SF,2022,REG,15,31,194,0,1,2,-9,0,0,6,16,67,0,1,0,7,-9.72571229,4.87005555,33,1,0,55.040323,6.25806452,0.03225806,0.06060606,0.03030303,2.03030303,stats_player_reg_2022.csv.gz
00-0037013,Zach Wilson,QB,NYJ,2022,REG,132,242,1688,6,7,23,-175,1,1,73,28,102,1,0,0,7,-36.21105495,-0.10348644,265,1,1,72.813361,6.97520661,0.02892562,0.08679245,0.00377358,0.38490566,stats_player_reg_2022.csv.gz
00-0037077,Sam Howell,QB,WAS,2022,REG,11,19,169,1,1,3,-11,0,0,6,5,35,1,0,0,4,-7.46178454,5.52688141,22,0,0,83.004386,8.89473684,0.05263158,0.13636364,0,1.59090909,stats_player_reg_2022.csv.gz
00-0037175,Anthony Brown,QB,BAL,2022,REG,22,49,302,0,2,5,-14,1,1,13,3,-5,0,0,0,0,-16.46521984,0,54,1,1,48.171769,6.16326531,0.04081633,0.09259259,0.01851852,-0.09259259,stats_player_reg_2022.csv.gz
00-0037327,Skylar Thompson,QB,MIA,2022,REG,60,105,534,1,3,6,-40,1,1,26,14,21,0,1,1,1,-32.73230369,-11.10890846,111,2,2,62.162698,5.08571429,0.02857143,0.05405405,0.01801802,0.18918919,stats_player_reg_2022.csv.gz
00-0037834,Brock Purdy,QB,SF,2022,REG,114,170,1374,13,4,11,-84,0,0,66,22,13,1,0,0,5,36.55311199,-10.47199321,181,0,0,107.328431,8.08235294,0.02352941,0.06077348,0,0.0718232,stats_player_reg_2022.csv.gz
00-0038102,Kenny Pickett,QB,PIT,2022,REG,245,389,2404,7,9,27,-182,1,1,123,55,237,3,3,0,23,-8.95970677,9.78099423,416,4,1,76.676307,6.17994859,0.02313625,0.06490385,0.00961538,0.56971154,stats_player_reg_2022.csv.gz
00-0038108,Bailey Zappe,QB,NE,2022,REG,65,92,781,5,3,6,-40,2,2,37,10,0,0,2,1,0,7.68501791,-6.09972297,98,4,3,100.860507,8.48913043,0.0326087,0.06122449,0.04081633,0,stats_player_reg_2022.csv.gz
00-0038122,Desmond Ridder,QB,ATL,2022,REG,73,115,708,2,0,9,-33,1,1,37,16,64,0,2,1,4,4.53719766,-12.28252767,124,3,2,86.431159,6.15652174,0,0.07258065,0.02419355,0.51612903,stats_player_reg_2022.csv.gz
00-0038128,Malik Willis,QB,TEN,2022,REG,31,61,276,0,3,10,-49,0,0,11,27,123,1,2,2,8,-38.83768905,-6.88630253,71,2,2,42.793716,4.52459016,0.04918033,0.14084507,0.02816901,1.73239437,stats_player_reg_2022.csv.gz
00-0023459,Aaron Rodgers,QB,NYJ,2023,REG,0,1,0,0,0,1,-10,0,0,0,0,0,0,0,0,0,-2.03195988,0,2,0,0,39.583333,0,0,0.5,0,0,stats_player_reg_2023.csv.gz
00-0026158,Joe Flacco,QB,CLE,2023,REG,123,204,1616,13,8,8,-57,3,1,60,9,2,0,1,0,3,-0.55458716,-0.46994598,212,4,1,90.236928,7.92156863,0.03921569,0.03773585,0.01886792,0.00943396,stats_player_reg_2023.csv.gz
00-0026498,Matthew Stafford,QB,LA,2023,REG,326,521,3965,24,11,30,-205,0,0,187,21,65,0,0,0,4,54.19110788,3.96563549,551,0,0,92.494402,7.61036468,0.02111324,0.05444646,0,0.11796733,stats_player_reg_2023.csv.gz
00-0026625,Brian Hoyer,QB,LV,2023,REG,23,42,231,0,2,1,-8,0,0,14,3,-3,0,0,0,0,-8.78077275,-1.81534554,43,0,0,50.793651,5.5,0.04761905,0.02325581,0,-0.06976744,stats_player_reg_2023.csv.gz
00-0027948,Blaine Gabbert,QB,KC,2023,REG,18,35,185,0,3,1,-9,0,0,8,7,45,0,0,0,2,-16.14328711,-0.61976956,36,0,0,31.25,5.28571429,0.08571429,0.02777778,0,1.25,stats_player_reg_2023.csv.gz
00-0027973,Andy Dalton,QB,CAR,2023,REG,34,58,361,2,0,3,-27,0,0,17,3,12,0,0,0,2,4.54832959,1.42845996,61,0,0,88.362069,6.22413793,0,0.04918033,0,0.19672131,stats_player_reg_2023.csv.gz
00-0028118,Tyrod Taylor,QB,NYG,2023,REG,116,180,1341,5,3,17,-94,2,0,52,38,197,0,2,0,10,1.1690157,-0.41283655,197,4,0,89.143519,7.45,0.01666667,0.08629442,0.02030457,1,stats_player_reg_2023.csv.gz
00-0028986,Case Keenum,QB,HOU,2023,REG,34,53,291,1,3,6,-60,0,0,14,2,1,0,1,0,0,-20.65132938,-1.65093344,59,1,0,61.124214,5.49056604,0.05660377,0.10169492,0.01694915,0.01694915,stats_player_reg_2023.csv.gz
00-0029263,Russell Wilson,QB,DEN,2023,REG,297,447,3070,26,8,45,-258,7,4,135,80,341,3,3,1,38,-15.17719752,17.56566173,492,10,5,98.000559,6.86800895,0.01789709,0.09146341,0.0203252,0.69308943,stats_player_reg_2023.csv.gz
00-0029604,Kirk Cousins,QB,MIN,2023,REG,216,311,2331,18,5,17,-110,4,3,112,14,25,0,2,1,6,37.10304547,1.68736862,328,6,4,103.784834,7.49517685,0.01607717,0.05182927,0.01829268,0.07621951,stats_player_reg_2023.csv.gz
00-0029701,Ryan Tannehill,QB,TEN,2023,REG,149,230,1616,4,7,32,-230,2,0,74,17,74,1,1,0,4,-22.86636766,-4.06789509,262,3,0,78.460145,7.02608696,0.03043478,0.1221374,0.01145038,0.28244275,stats_player_reg_2023.csv.gz
00-0030533,Matt Barkley,QB,JAX,2023,REG,0,0,0,0,0,0,0,0,0,0,3,-3,0,0,0,0,0,-4.01201612,0,0,0,,,,,,,stats_player_reg_2023.csv.gz
00-0030565,Geno Smith,QB,SEA,2023,REG,323,499,3624,20,9,31,-231,4,2,169,37,155,1,1,1,10,34.54653651,-4.92649742,530,5,3,92.130094,7.26252505,0.01803607,0.05849057,0.00943396,0.29245283,stats_player_reg_2023.csv.gz
00-0031237,Teddy Bridgewater,QB,DET,2023,REG,0,0,0,0,0,0,0,0,0,0,2,-2,0,0,0,0,0,-2.67552811,0,0,0,,,,,,,stats_player_reg_2023.csv.gz
00-0031280,Derek Carr,QB,NO,2023,REG,375,548,3878,25,8,31,-218,5,2,185,32,40,0,2,1,4,28.02505731,-20.27587384,579,7,3,97.718978,7.07664234,0.01459854,0.05354059,0.01208981,0.06908463,stats_player_reg_2023.csv.gz
00-0031288,AJ McCarron,QB,CIN,2023,REG,4,5,19,0,0,1,-9,0,0,0,0,0,0,0,0,0,-5.25107204,0,6,0,0,82.5,3.8,0,0.16666667,0,0,stats_player_reg_2023.csv.gz
00-0031345,Jimmy Garoppolo,QB,LV,2023,REG,110,169,1205,7,9,14,-101,0,0,60,20,39,0,1,0,6,-18.10863541,-2.71112024,183,1,0,77.650394,7.13017751,0.05325444,0.07650273,0.00546448,0.21311475,stats_player_reg_2023.csv.gz
00-0031503,Jameis Winston,QB,NO,2023,REG,25,47,264,2,3,2,-13,0,0,10,5,-6,0,0,0,0,-9.78901957,-4.47047002,49,0,0,57.402482,5.61702128,0.06382979,0.04081633,0,-0.12244898,stats_player_reg_2023.csv.gz
00-0031800,Taylor Heinicke,QB,ATL,2023,REG,74,136,890,5,4,8,-47,0,0,41,15,124,1,1,0,5,-1.64327911,10.07504979,144,1,0,74.693627,6.54411765,0.02941176,0.05555556,0.00694444,0.86111111,stats_player_reg_2023.csv.gz
00-0032156,Trevor Siemian,QB,NYJ,2023,REG,86,153,724,2,4,8,-40,4,2,35,11,40,0,1,1,5,-54.59470524,-7.30983808,161,5,3,62.10512,4.73202614,0.02614379,0.04968944,0.0310559,0.2484472,stats_player_reg_2023.csv.gz
00-0032268,Marcus Mariota,QB,PHI,2023,REG,15,23,164,1,1,3,-11,1,1,10,8,52,0,0,0,6,-5.11009586,5.67509956,26,1,1,82.518116,7.13043478,0.04347826,0.11538462,0.03846154,2,stats_player_reg_2023.csv.gz
00-0032436,Jeff Driskel,QB,CLE,2023,REG,13,26,166,2,2,3,-26,0,0,8,7,33,0,0,0,4,-10.95720805,0.47511246,29,0,0,63.942308,6.38461538,0.07692308,0.10344828,0,1.13793103,stats_player_reg_2023.csv.gz
00-0032950,Carson Wentz,QB,LA,2023,REG,17,24,163,2,1,2,-14,0,0,11,17,56,1,0,0,4,8.11785306,0.96400134,26,0,0,99.826389,6.79166667,0.04166667,0.07692308,0,2.15384615,stats_player_reg_2023.csv.gz
00-0033077,Dak Prescott,QB,DAL,2023,REG,410,590,4516,36,9,39,-255,2,1,222,55,242,2,1,1,21,120.79506479,13.09055773,629,3,2,105.868644,7.65423729,0.01525424,0.06200318,0.00476948,0.38473768,stats_player_reg_2023.csv.gz
00-0033106,Jared Goff,QB,DET,2023,REG,407,605,4575,30,12,30,-197,4,2,227,32,21,2,2,2,5,80.94225092,-21.90658183,635,6,4,97.916667,7.56198347,0.01983471,0.04724409,0.00944882,0.03307087,stats_player_reg_2023.csv.gz
00-0033119,Jacoby Brissett,QB,WAS,2023,REG,18,23,224,3,0,0,0,0,0,10,3,19,0,0,0,0,16.3757348,1.29595495,23,0,0,146.82971,9.73913043,0,0,0,0.82608696,stats_player_reg_2023.csv.gz
00-0033275,PJ Walker,QB,CLE,2023,REG,54,111,674,1,5,11,-90,3,2,27,13,30,0,1,0,3,-34.96473336,-5.25156284,122,4,2,52.158408,6.07207207,0.04504505,0.09016393,0.03278689,0.24590164,stats_player_reg_2023.csv.gz
00-0033319,Nick Mullens,QB,MIN,2023,REG,100,148,1306,7,8,12,-105,2,0,57,10,25,0,0,0,4,12.29686877,-0.02329592,160,2,0,88.400901,8.82432432,0.05405405,0.075,0.0125,0.15625,stats_player_reg_2023.csv.gz
00-0033537,Deshaun Watson,QB,CLE,2023,REG,105,171,1115,7,4,17,-85,3,1,52,26,142,1,1,1,10,-18.9501618,9.93737511,188,4,2,84.320175,6.52046784,0.02339181,0.09042553,0.0212766,0.75531915,stats_player_reg_2023.csv.gz
00-0033662,Cooper Rush,QB,DAL,2023,REG,18,24,144,0,1,1,-8,0,0,7,12,-5,0,0,0,1,-5.23994775,-5.68589237,25,0,0,72.222222,6,0.04166667,0.04,0,-0.2,stats_player_reg_2023.csv.gz
00-0033869,Mitchell Trubisky,QB,PIT,2023,REG,67,107,632,4,5,7,-42,0,0,36,16,54,2,1,1,6,-18.59653194,-0.689964,114,1,1,71.865265,5.90654206,0.04672897,0.06140351,0.00877193,0.47368421,stats_player_reg_2023.csv.gz
00-0033873,Patrick Mahomes,QB,KC,2023,REG,401,597,4183,27,14,27,-186,4,3,206,75,389,0,1,0,27,50.96151569,13.33218671,624,5,3,92.556533,7.00670017,0.02345059,0.04326923,0.00801282,0.62339744,stats_player_reg_2023.csv.gz
00-0033936,C.J. Beathard,QB,JAX,2023,REG,40,53,349,1,0,6,-27,0,0,19,8,35,0,1,0,2,4.63371499,2.0210988,59,1,0,98.70283,6.58490566,0,0.10169492,0.01694915,0.59322034,stats_player_reg_2023.csv.gz
00-0033949,Joshua Dobbs,QB,MIN,2023,REG,262,417,2464,13,10,30,-217,7,5,126,77,421,6,5,2,31,-81.59065717,15.57061751,447,12,7,79.461431,5.9088729,0.02398082,0.06711409,0.02684564,0.94183445,stats_player_reg_2023.csv.gz
00-0033958,Nathan Peterman,QB,CHI,2023,REG,0,0,0,0,0,1,-5,1,0,0,2,-4,0,0,0,0,-0.09442649,0,1,1,0,,,,1,1,-4,stats_player_reg_2023.csv.gz
00-0034177,Tim Boyle,QB,NYJ,2023,REG,48,77,360,1,4,9,-64,1,0,16,4,5,0,1,0,3,-30.98757811,2.69169015,86,2,0,56.195887,4.67532468,0.05194805,0.10465116,0.02325581,0.05813953,stats_player_reg_2023.csv.gz
00-0034401,Mike White,QB,MIA,2023,REG,5,6,74,1,1,0,0,0,0,1,8,-9,0,1,1,0,-7.24090172,-11.80669236,6,1,1,118.055556,12.33333333,0.16666667,0,0.16666667,-1.5,stats_player_reg_2023.csv.gz
00-0034438,Logan Woodside,QB,ATL,2023,REG,3,4,27,0,1,1,-7,0,0,3,1,6,0,0,0,0,-10.0795751,0.32587035,5,0,0,53.125,6.75,0.25,0.2,0,1.2,stats_player_reg_2023.csv.gz
00-0034577,Kyle Allen,QB,BUF,2023,REG,0,0,0,0,0,0,0,0,0,0,13,-13,0,0,0,0,0,-8.63629155,0,0,0,,,,,,,stats_player_reg_2023.csv.gz
00-0034771,Mason Rudolph,QB,PIT,2023,REG,55,74,719,3,0,6,-43,2,1,26,10,8,0,1,0,4,14.32527529,-3.3800875,80,3,1,118.018018,9.71621622,0,0.075,0.0375,0.1,stats_player_reg_2023.csv.gz
00-0034796,Lamar Jackson,QB,BAL,2023,REG,307,457,3678,24,7,37,-218,6,4,167,148,821,5,4,2,48,59.07158835,10.15968836,494,10,6,102.721554,8.04814004,0.01531729,0.07489879,0.02024291,1.66194332,stats_player_reg_2023.csv.gz
00-0034855,Baker Mayfield,QB,TB,2023,REG,364,566,4044,28,10,40,-232,5,3,188,62,163,1,2,0,16,49.8251785,-14.4836472,606,7,3,94.574499,7.14487633,0.01766784,0.0660066,0.01155116,0.2689769,stats_player_reg_2023.csv.gz
00-0034857,Josh Allen,QB,BUF,2023,REG,385,579,4306,29,18,24,-152,2,1,199,111,524,15,4,3,57,91.69279822,54.38192838,603,6,4,92.224381,7.43696028,0.03108808,0.039801,0.00995025,0.86898839,stats_player_reg_2023.csv.gz
00-0034869,Sam Darnold,QB,SF,2023,REG,28,46,297,2,1,6,-40,2,1,15,21,15,1,1,0,3,-0.26215672,-8.30728375,52,3,1,85.144928,6.45652174,0.02173913,0.11538462,0.05769231,0.28846154,stats_player_reg_2023.csv.gz
00-0034955,Brett Rypien,QB,LA,2023,REG,18,38,172,0,1,2,-18,1,1,8,3,19,0,0,0,1,-19.72529151,1.33610644,40,1,1,49.451754,4.52631579,0.02631579,0.05,0.025,0.475,stats_player_reg_2023.csv.gz
00-0035100,Jake Browning,QB,CIN,2023,REG,171,243,1936,12,7,24,-169,3,0,93,27,127,3,0,0,12,23.35207714,9.53552089,267,3,0,98.37963,7.96707819,0.02880658,0.08988764,0.01123596,0.47565543,stats_player_reg_2023.csv.gz
00-0035228,Kyler Murray,QB,ARI,2023,REG,176,268,1799,10,5,18,-119,2,0,88,44,244,3,5,0,15,-16.66646908,6.73788435,286,7,0,89.443408,6.71268657,0.01865672,0.06293706,0.02447552,0.85314685,stats_player_reg_2023.csv.gz
00-0035264,Jarrett Stidham,QB,DEN,2023,REG,40,66,496,2,1,7,-46,0,0,19,9,8,0,1,0,1,5.0534212,-5.14247381,73,1,0,87.689394,7.51515152,0.01515152,0.09589041,0.01369863,0.10958904,stats_player_reg_2023.csv.gz
00-0035282,Easton Stick,QB,LAC,2023,REG,111,174,1129,3,1,14,-122,5,4,53,27,144,1,0,0,11,-34.01198612,8.03756702,188,5,4,85.632184,6.48850575,0.00574713,0.07446809,0.02659574,0.76595745,stats_player_reg_2023.csv.gz
00-0035289,Gardner Minshew,QB,IND,2023,REG,305,490,3305,15,9,34,-187,6,5,147,34,100,3,0,0,7,-6.59270655,-2.77566414,524,6,5,84.608844,6.74489796,0.01836735,0.0648855,0.01145038,0.19083969,stats_player_reg_2023.csv.gz
00-0035704,Drew Lock,QB,SEA,2023,REG,48,76,543,3,3,6,-26,0,0,20,5,14,0,0,0,1,-1.60072279,-0.21092454,82,0,0,81.195175,7.14473684,0.03947368,0.07317073,0,0.17073171,stats_player_reg_2023.csv.gz
00-0035710,Daniel Jones,QB,NYG,2023,REG,108,160,909,2,6,30,-167,3,1,43,40,206,1,1,0,15,-61.40200421,5.83452782,190,4,1,70.546875,5.68125,0.0375,0.15789474,0.02105263,1.08421053,stats_player_reg_2023.csv.gz
00-0035993,Tyler Huntley,QB,BAL,2023,REG,21,37,203,3,0,4,-28,0,0,13,15,55,0,0,0,3,3.80045476,-5.00479881,41,0,0,99.268018,5.48648649,0,0.09756098,0,1.34146341,stats_player_reg_2023.csv.gz
00-0036212,Tua Tagovailoa,QB,MIA,2023,REG,388,560,4624,29,14,29,-171,1,1,222,35,74,0,9,4,5,121.67434629,-39.12836075,589,10,5,101.071429,8.25714286,0.025,0.04923599,0.01697793,0.12563667,stats_player_reg_2023.csv.gz
00-0036264,Jordan Love,QB,GB,2023,REG,372,579,4159,32,11,30,-242,4,1,209,50,247,4,4,2,16,88.02358448,-7.3425609,609,8,3,96.060017,7.18307427,0.01899827,0.04926108,0.01313629,0.40558292,stats_player_reg_2023.csv.gz
00-0036355,Justin Herbert,QB,LAC,2023,REG,297,456,3134,20,7,29,-233,3,1,150,52,228,3,1,0,16,27.91685552,5.3845891,485,4,1,93.220029,6.87280702,0.01535088,0.05979381,0.00824742,0.47010309,stats_player_reg_2023.csv.gz
00-0036389,Jalen Hurts,QB,PHI,2023,REG,352,538,3858,23,15,36,-222,3,1,185,157,605,15,4,4,68,62.384722,21.28859406,574,7,5,89.118649,7.17100372,0.02788104,0.06271777,0.01219512,1.05400697,stats_player_reg_2023.csv.gz
00-0036442,Joe Burrow,QB,CIN,2023,REG,244,365,2309,15,6,24,-180,2,1,115,31,88,0,0,0,9,6.09503706,-3.51224152,389,2,1,90.998858,6.3260274,0.01643836,0.06169666,0.00514139,0.22622108,stats_player_reg_2023.csv.gz
00-0036898,Davis Mills,QB,HOU,2023,REG,18,39,173,2,0,2,-13,0,0,12,2,9,0,0,0,0,-5.0295775,0.57588414,41,0,0,76.121795,4.43589744,0,0.04878049,0,0.2195122,stats_player_reg_2023.csv.gz
00-0036928,Kyle Trask,QB,TB,2023,REG,0,1,0,0,0,0,0,0,0,0,1,-1,0,0,0,0,-1.88030287,-1.71969621,1,0,0,39.583333,0,0,0,0,-1,stats_player_reg_2023.csv.gz
00-0036945,Justin Fields,QB,CHI,2023,REG,227,370,2562,16,9,44,-285,7,3,121,124,657,4,3,1,43,-38.19047671,25.81475209,414,10,4,86.34009,6.92432432,0.02432432,0.10628019,0.02415459,1.58695652,stats_player_reg_2023.csv.gz
00-0036971,Trevor Lawrence,QB,JAX,2023,REG,370,564,4016,21,14,35,-224,8,5,179,70,339,4,3,2,23,-0.06368614,1.38924205,599,11,7,88.489953,7.12056738,0.0248227,0.05843072,0.01836394,0.56594324,stats_player_reg_2023.csv.gz
00-0036972,Mac Jones,QB,NE,2023,REG,224,345,2120,10,12,22,-127,2,1,100,26,96,0,1,1,11,-54.70160128,-5.3704636,367,3,2,76.96256,6.14492754,0.03478261,0.0599455,0.00817439,0.26158038,stats_player_reg_2023.csv.gz
00-0037013,Zach Wilson,QB,NYJ,2023,REG,221,368,2271,8,7,46,-340,7,4,104,36,211,0,4,3,7,-101.19415159,-16.857527,414,11,7,77.162591,6.17119565,0.01902174,0.11111111,0.02657005,0.50966184,stats_player_reg_2023.csv.gz
00-0037077,Sam Howell,QB,WAS,2023,REG,388,612,3946,21,21,65,-449,3,1,180,48,263,5,1,1,19,-103.55517763,24.68425709,677,4,2,78.921569,6.44771242,0.03431373,0.09601182,0.00590842,0.38847858,stats_player_reg_2023.csv.gz
00-0037834,Brock Purdy,QB,SF,2023,REG,308,444,4280,31,11,28,-153,4,2,192,39,144,2,2,0,15,143.75355857,11.42749249,472,6,2,113.006757,9.63963964,0.02477477,0.05932203,0.01271186,0.30508475,stats_player_reg_2023.csv.gz
00-0038102,Kenny Pickett,QB,PIT,2023,REG,201,324,2070,6,4,23,-173,0,0,91,42,54,1,2,0,12,-41.18849195,-5.16288004,347,2,0,81.430041,6.38888889,0.01234568,0.06628242,0.00576369,0.1556196,stats_player_reg_2023.csv.gz
00-0038108,Bailey Zappe,QB,NE,2023,REG,127,212,1272,6,9,25,-191,2,1,53,17,83,1,0,0,6,-81.79545272,4.63150148,237,2,1,68.75,6,0.04245283,0.10548523,0.00843882,0.35021097,stats_player_reg_2023.csv.gz
00-0038122,Desmond Ridder,QB,ATL,2023,REG,249,388,2836,12,12,31,-197,6,4,136,53,193,5,6,3,18,-32.24074118,-14.43581716,419,12,7,83.440722,7.30927835,0.03092784,0.07398568,0.02863962,0.46062053,stats_player_reg_2023.csv.gz
00-0038128,Malik Willis,QB,TEN,2023,REG,4,5,74,0,0,4,-30,0,0,1,5,21,0,1,1,1,-0.06827694,-6.96832968,9,1,1,118.75,14.8,0,0.44444444,0.11111111,2.33333333,stats_player_reg_2023.csv.gz
00-0038391,Sean Clifford,QB,GB,2023,REG,1,1,37,0,0,0,0,0,0,1,3,-2,0,1,0,0,2.14362683,-3.491684,1,1,0,118.75,37,0,0,1,-2,stats_player_reg_2023.csv.gz
00-0038416,Tyson Bagent,QB,CHI,2023,REG,94,143,859,3,6,5,-35,2,2,48,23,109,2,0,0,11,-26.36474729,11.02328796,148,2,2,71.401515,6.00699301,0.04195804,0.03378378,0.01351351,0.73648649,stats_player_reg_2023.csv.gz
00-0038476,Tommy DeVito,QB,NYG,2023,REG,114,178,1101,8,3,37,-196,0,0,46,36,195,1,2,1,7,-49.3222322,-3.23050817,215,2,1,89.185393,6.18539326,0.01685393,0.17209302,0.00930233,0.90697674,stats_player_reg_2023.csv.gz
00-0038579,Aidan O'Connell,QB,LV,2023,REG,213,343,2218,12,7,24,-173,3,2,107,17,11,1,1,0,7,-17.79960779,-4.11663527,367,4,2,83.934645,6.4664723,0.02040816,0.0653951,0.01089918,0.02997275,stats_player_reg_2023.csv.gz
00-0038582,Clayton Tune,QB,ARI,2023,REG,12,21,62,0,2,7,-41,1,1,3,8,30,1,1,0,3,-34.74954317,0.41171422,28,2,1,22.619048,2.95238095,0.0952381,0.25,0.07142857,1.07142857,stats_player_reg_2023.csv.gz
00-0038583,Dorian Thompson-Robinson,QB,CLE,2023,REG,60,112,440,1,4,6,-60,1,0,26,14,65,0,1,0,4,-39.5271301,1.78510559,118,2,0,51.190476,3.92857143,0.03571429,0.05084746,0.01694915,0.55084746,stats_player_reg_2023.csv.gz
00-0038598,Jaren Hall,QB,MIN,2023,REG,13,20,168,0,1,4,-28,2,2,7,6,14,0,0,0,0,-12.6760428,-1.96601993,24,2,2,70.416667,8.4,0.05,0.16666667,0.08333333,0.58333333,stats_player_reg_2023.csv.gz
00-0039150,Bryce Young,QB,CAR,2023,REG,315,527,2877,11,10,62,-477,9,6,133,39,253,0,2,0,18,-159.27344187,22.66929952,589,11,6,73.691493,5.45920304,0.01897533,0.10526316,0.01867572,0.4295416,stats_player_reg_2023.csv.gz
00-0039152,Will Levis,QB,TEN,2023,REG,149,255,1808,8,4,28,-185,5,2,81,25,57,1,2,2,7,-12.83349084,-9.42832683,283,7,4,84.240196,7.09019608,0.01568627,0.09893993,0.02473498,0.20141343,stats_player_reg_2023.csv.gz
00-0039163,C.J. Stroud,QB,HOU,2023,REG,319,499,4108,23,5,38,-331,6,3,188,39,167,3,2,1,17,61.98517261,6.11049569,537,8,4,100.847528,8.23246493,0.01002004,0.0707635,0.01489758,0.31098696,stats_player_reg_2023.csv.gz
00-0039164,Anthony Richardson,QB,IND,2023,REG,50,84,577,3,1,7,-29,1,0,31,25,136,4,2,1,8,6.69379129,0.43010434,91,3,1,87.251984,6.86904762,0.01190476,0.07692308,0.03296703,1.49450549,stats_player_reg_2023.csv.gz
00-0023459,Aaron Rodgers,QB,NYJ,2024,REG,368,584,3897,28,11,40,-302,5,2,192,22,107,0,0,0,7,11.29530745,4.28056436,624,5,2,90.532249,6.67294521,0.01883562,0.06410256,0.00801282,0.17147436,stats_player_reg_2024.csv.gz
00-0026158,Joe Flacco,QB,IND,2024,REG,162,248,1761,12,7,18,-123,3,3,87,9,26,0,1,1,2,2.05238587,-7.00213674,266,4,4,90.47379,7.10080645,0.02822581,0.06766917,0.01503759,0.09774436,stats_player_reg_2024.csv.gz
00-0026300,Josh Johnson,QB,BAL,2024,REG,2,3,17,0,0,1,-5,0,0,1,4,1,0,0,0,0,-1.80973551,-3.56283131,4,0,0,81.25,5.66666667,0,0.25,0,0.25,stats_player_reg_2024.csv.gz
00-0026498,Matthew Stafford,QB,LA,2024,REG,340,517,3762,20,8,28,-213,4,2,176,30,41,0,2,0,10,32.85241734,-3.01184266,545,6,2,93.653288,7.27659574,0.01547389,0.05137615,0.01100917,0.07522936,stats_player_reg_2024.csv.gz
00-0027973,Andy Dalton,QB,CAR,2024,REG,106,160,989,7,6,7,-37,0,0,50,11,34,0,0,0,2,-19.04289133,-3.43167459,167,0,0,82.005208,6.18125,0.0375,0.04191617,0,0.20359281,stats_player_reg_2024.csv.gz
00-0028118,Tyrod Taylor,QB,NYJ,2024,REG,17,22,119,3,0,0,0,0,0,9,3,13,0,1,0,0,11.06308613,-0.67648597,22,1,0,128.598485,5.40909091,0,0,0.04545455,0.59090909,stats_player_reg_2024.csv.gz
00-0029263,Russell Wilson,QB,PIT,2024,REG,214,336,2482,16,5,33,-219,3,2,112,43,155,2,2,2,16,-1.911513,-7.59418953,369,5,4,95.610119,7.38690476,0.01488095,0.08943089,0.01355014,0.4200542,stats_player_reg_2024.csv.gz
00-0029604,Kirk Cousins,QB,ATL,2024,REG,303,453,3508,18,16,28,-201,7,2,163,23,0,0,5,0,2,21.13438802,-16.7720964,481,12,2,88.61755,7.74392936,0.03532009,0.05821206,0.02494802,0,stats_player_reg_2024.csv.gz
00-0030565,Geno Smith,QB,SEA,2024,REG,407,578,4320,21,15,50,-338,3,0,209,53,272,2,4,0,17,21.75309639,1.24131505,628,7,0,93.202134,7.47404844,0.02595156,0.07961783,0.0111465,0.43312102,stats_player_reg_2024.csv.gz
00-0031280,Derek Carr,QB,NO,2024,REG,189,279,2145,15,5,8,-48,2,0,93,17,71,1,1,0,4,47.56937511,-1.09444993,287,3,0,101.022999,7.68817204,0.01792115,0.02787456,0.01045296,0.24738676,stats_player_reg_2024.csv.gz
00-0031345,Jimmy Garoppolo,QB,LA,2024,REG,27,41,334,2,1,3,-15,0,0,16,2,5,0,0,0,0,2.07763218,-1.98857976,44,0,0,97.002033,8.14634146,0.02439024,0.06818182,0,0.11363636,stats_player_reg_2024.csv.gz
00-0031503,Jameis Winston,QB,CLE,2024,REG,181,296,2121,13,12,24,-130,4,2,103,25,83,1,0,0,17,-25.47395694,16.70267545,320,4,2,80.644707,7.16554054,0.04054054,0.075,0.0125,0.259375,stats_player_reg_2024.csv.gz
00-0031800,Taylor Heinicke,QB,LAC,2024,REG,3,5,28,0,0,3,-28,0,0,1,2,20,0,0,0,1,-5.95559959,0.44835682,8,0,0,75.416667,5.6,0,0.375,0,2.5,stats_player_reg_2024.csv.gz
00-0032268,Marcus Mariota,QB,WAS,2024,REG,34,44,364,4,0,3,-29,0,0,22,18,92,1,0,0,6,18.86635163,3.526108,47,0,0,131.25,8.27272727,0,0.06382979,0,1.95744681,stats_player_reg_2024.csv.gz
00-0032434,Brandon Allen,QB,SF,2024,REG,17,30,199,1,2,2,-2,2,1,8,3,4,0,0,0,0,-12.35417755,-0.99027761,32,2,1,60.277778,6.63333333,0.06666667,0.0625,0.0625,0.125,stats_player_reg_2024.csv.gz
00-0032950,Carson Wentz,QB,KC,2024,REG,12,19,118,0,0,4,-22,0,0,5,3,0,0,0,0,0,-6.75574821,-3.54260906,23,0,0,80.592105,6.21052632,0,0.17391304,0,0,stats_player_reg_2024.csv.gz
00-0033077,Dak Prescott,QB,DAL,2024,REG,185,286,1978,11,8,21,-112,4,1,87,13,54,1,0,0,5,-9.26138597,4.51299246,307,4,1,85.97028,6.91608392,0.02797203,0.06840391,0.01302932,0.17589577,stats_player_reg_2024.csv.gz
00-0033106,Jared Goff,QB,DET,2024,REG,390,539,4629,37,12,31,-234,6,0,236,35,56,0,0,0,9,168.55468969,-3.12486234,570,6,0,111.769481,8.58812616,0.02226345,0.05438596,0.01052632,0.09824561,stats_player_reg_2024.csv.gz
00-0033119,Jacoby Brissett,QB,NE,2024,REG,95,161,826,2,1,18,-119,3,1,41,15,62,0,1,0,5,-37.11467836,3.11167333,179,4,1,74.184783,5.13043478,0.00621118,0.10055866,0.02234637,0.34636872,stats_player_reg_2024.csv.gz
00-0033319,Nick Mullens,QB,MIN,2024,REG,2,2,38,0,0,0,0,0,0,2,3,-2,0,0,0,0,4.86872562,0,2,0,0,118.75,19,0,0,0,-1,stats_player_reg_2024.csv.gz
00-0033537,Deshaun Watson,QB,CLE,2024,REG,137,216,1148,5,3,33,-191,3,2,49,31,148,1,2,1,8,-61.54127601,-1.84504061,249,5,3,79.012346,5.31481481,0.01388889,0.13253012,0.02008032,0.59437751,stats_player_reg_2024.csv.gz
00-0033662,Cooper Rush,QB,DAL,2024,REG,187,308,1844,12,5,13,-95,2,1,92,26,18,0,7,2,5,-22.86451551,-18.16656541,321,9,3,83.847403,5.98701299,0.01623377,0.04049844,0.02803738,0.05607477,stats_player_reg_2024.csv.gz
00-0033869,Mitchell Trubisky,QB,BUF,2024,REG,19,26,179,2,0,0,0,0,0,7,17,1,0,1,0,1,9.71651024,-12.08890619,26,1,0,117.307692,6.88461538,0,0,0.03846154,0.03846154,stats_player_reg_2024.csv.gz
00-0033873,Patrick Mahomes,QB,KC,2024,REG,392,581,3928,26,11,36,-239,1,0,214,58,307,2,1,0,22,71.13335926,24.31326695,617,2,0,93.506168,6.76075731,0.01893287,0.05834684,0.00324149,0.49756888,stats_player_reg_2024.csv.gz
00-0033949,Joshua Dobbs,QB,SF,2024,REG,32,47,361,2,2,2,-28,1,0,18,9,24,2,1,1,2,5.55747984,-2.79431429,49,2,1,87.278369,7.68085106,0.04255319,0.04081633,0.04081633,0.48979592,stats_player_reg_2024.csv.gz
00-0034177,Tim Boyle,QB,NYG,2024,REG,27,50,276,1,1,2,-11,0,0,11,3,9,0,0,0,1,-14.48791142,0.64937577,52,0,0,68.416667,5.52,0.02,0.03846154,0,0.17307692,stats_player_reg_2024.csv.gz
00-0034401,Mike White,QB,BUF,2024,REG,3,11,28,0,0,0,0,0,0,1,0,0,0,0,0,0,-7.1528663,0,11,0,0,39.583333,2.54545455,0,0,0,0,stats_player_reg_2024.csv.gz
00-0034577,Kyle Allen,QB,PIT,2024,REG,1,1,19,0,0,0,0,0,0,1,0,0,0,0,0,0,1.43255294,0,1,0,0,118.75,19,0,0,0,0,stats_player_reg_2024.csv.gz
00-0034771,Mason Rudolph,QB,TEN,2024,REG,146,228,1530,9,9,11,-71,2,0,78,25,106,1,3,1,13,-0.88314115,4.98898655,239,5,1,80.116959,6.71052632,0.03947368,0.0460251,0.0209205,0.44351464,stats_player_reg_2024.csv.gz
00-0034796,Lamar Jackson,QB,BAL,2024,REG,316,474,4172,41,4,23,-149,2,1,198,139,915,4,6,4,47,172.27861166,11.65293319,497,8,5,119.629044,8.80168776,0.00843882,0.04627767,0.01609658,1.84104628,stats_player_reg_2024.csv.gz
00-0034855,Baker Mayfield,QB,TB,2024,REG,407,570,4500,41,16,40,-248,4,1,224,60,378,3,7,1,24,115.38862828,6.79403292,610,11,2,106.761696,7.89473684,0.02807018,0.06557377,0.01803279,0.61967213,stats_player_reg_2024.csv.gz
00-0034857,Josh Allen,QB,BUF,2024,REG,307,483,3731,28,6,14,-63,4,2,173,102,531,12,0,0,51,130.1080728,57.00550151,497,4,2,101.384576,7.72463768,0.01242236,0.02816901,0.00804829,1.06841046,stats_player_reg_2024.csv.gz
00-0034869,Sam Darnold,QB,MIN,2024,REG,361,545,4319,35,12,48,-335,5,2,207,67,212,1,3,2,23,49.61524678,-3.14387614,593,8,4,102.534404,7.92477064,0.02201835,0.08094435,0.01349073,0.35750422,stats_player_reg_2024.csv.gz
00-0035100,Jake Browning,QB,CIN,2024,REG,0,0,0,0,0,0,0,0,0,0,2,-2,0,0,0,0,0,-1.65984879,0,0,0,,,,,,,stats_player_reg_2024.csv.gz
00-0035228,Kyler Murray,QB,ARI,2024,REG,372,541,3851,21,11,30,-220,3,1,191,78,572,5,4,3,27,65.65436788,17.93324601,571,7,4,93.511245,7.11829945,0.02033272,0.0525394,0.01225919,1.00175131,stats_player_reg_2024.csv.gz
00-0035264,Jarrett Stidham,QB,DEN,2024,REG,0,0,0,0,0,0,0,0,0,0,4,5,0,0,0,1,0,-2.06078527,0,0,0,,,,,,,stats_player_reg_2024.csv.gz
00-0035289,Gardner Minshew,QB,LV,2024,REG,203,306,2013,9,10,29,-164,4,3,106,19,58,0,2,1,5,-46.01077278,-7.56471653,335,6,4,80.964052,6.57843137,0.03267974,0.08656716,0.01791045,0.17313433,stats_player_reg_2024.csv.gz
00-0035704,Drew Lock,QB,NYG,2024,REG,107,181,1071,6,5,12,-88,3,2,45,18,133,2,1,0,9,-41.66944681,12.07543707,193,4,2,75.540976,5.91712707,0.02762431,0.06217617,0.02072539,0.68911917,stats_player_reg_2024.csv.gz
00-0035710,Daniel Jones,QB,NYG,2024,REG,216,341,2070,8,7,29,-172,3,2,106,67,265,2,0,0,26,-38.11681234,7.97921905,370,3,2,79.429374,6.07038123,0.02052786,0.07837838,0.00810811,0.71621622,stats_player_reg_2024.csv.gz
00-0035993,Tyler Huntley,QB,MIA,2024,REG,86,133,829,3,3,15,-92,3,1,45,26,135,2,2,1,10,-19.74203652,-0.53601162,148,5,2,80.059524,6.23308271,0.02255639,0.10135135,0.03378378,0.91216216,stats_player_reg_2024.csv.gz
00-0036212,Tua Tagovailoa,QB,MIA,2024,REG,291,399,2867,19,7,21,-154,4,2,161,17,49,0,3,0,5,85.83315489,0.47204175,420,7,2,101.362782,7.18546366,0.01754386,0.05,0.01666667,0.11666667,stats_player_reg_2024.csv.gz
00-0036264,Jordan Love,QB,GB,2024,REG,268,425,3389,25,11,14,-95,1,0,151,25,83,1,3,0,9,62.13851949,6.11012787,439,4,0,96.681373,7.97411765,0.02588235,0.03189066,0.00911162,0.18906606,stats_player_reg_2024.csv.gz
00-0036355,Justin Herbert,QB,LAC,2024,REG,332,504,3870,23,3,41,-244,4,1,175,69,306,2,2,1,23,72.20391185,4.16619124,545,6,2,101.703042,7.67857143,0.00595238,0.07522936,0.01100917,0.56146789,stats_player_reg_2024.csv.gz
00-0036389,Jalen Hurts,QB,PHI,2024,REG,248,361,2903,18,5,38,-271,5,3,139,150,630,14,4,2,62,40.41566697,40.74427943,399,9,5,103.687673,8.04155125,0.01385042,0.0952381,0.02255639,1.57894737,stats_player_reg_2024.csv.gz
00-0036442,Joe Burrow,QB,CIN,2024,REG,460,652,4918,43,9,48,-278,9,5,253,42,201,2,2,0,16,115.12695542,16.05281893,700,11,5,108.537832,7.54294479,0.01380368,0.06857143,0.01571429,0.28714286,stats_player_reg_2024.csv.gz
00-0036898,Davis Mills,QB,HOU,2024,REG,20,36,212,0,0,2,-18,0,0,9,3,11,0,0,0,1,-5.21263953,-1.13970203,38,0,0,72.916667,5.88888889,0,0.05263158,0,0.28947368,stats_player_reg_2024.csv.gz
00-0036928,Kyle Trask,QB,TB,2024,REG,1,1,5,0,0,0,0,0,0,0,5,-4,0,0,0,0,0.29781094,-6.62303358,1,0,0,87.5,5,0,0,0,-4,stats_player_reg_2024.csv.gz
00-0036945,Justin Fields,QB,PIT,2024,REG,106,161,1106,5,1,16,-124,2,1,45,62,289,5,4,0,19,7.59287047,2.43462627,177,6,1,93.335921,6.86956522,0.00621118,0.09039548,0.03389831,1.63276836,stats_player_reg_2024.csv.gz
00-0036971,Trevor Lawrence,QB,JAX,2024,REG,172,284,2045,11,7,18,-140,2,1,97,26,119,3,0,0,13,6.11357262,8.41078276,302,2,1,85.196596,7.20070423,0.02464789,0.05960265,0.00662252,0.39403974,stats_player_reg_2024.csv.gz
00-0036972,Mac Jones,QB,JAX,2024,REG,171,262,1672,8,8,14,-100,1,1,77,28,92,1,1,1,12,-3.29846966,0.69963017,276,2,2,80.518448,6.38167939,0.03053435,0.05072464,0.00724638,0.33333333,stats_player_reg_2024.csv.gz
00-0037012,Trey Lance,QB,DAL,2024,REG,25,41,266,0,1,4,-23,0,0,13,11,41,0,0,0,3,-8.36433636,-2.11646263,45,0,0,69.76626,6.48780488,0.02439024,0.08888889,0,0.91111111,stats_player_reg_2024.csv.gz
00-0037077,Sam Howell,QB,SEA,2024,REG,5,14,24,0,1,4,-21,0,0,1,1,2,0,0,0,0,-15.57291831,-0.70749635,18,0,0,14.583333,1.71428571,0.07142857,0.22222222,0,0.11111111,stats_player_reg_2024.csv.gz
00-0037324,Chris Oladokun,QB,KC,2024,REG,0,0,0,0,0,1,-5,1,0,0,1,5,0,0,0,0,-1.38983266,-0.55510904,1,1,0,,,,1,1,5,stats_player_reg_2024.csv.gz
00-0037327,Skylar Thompson,QB,MIA,2024,REG,21,33,187,0,0,6,-44,2,0,8,1,4,0,0,0,0,-15.51102514,-2.46101771,39,2,0,78.724747,5.66666667,0,0.15384615,0.05128205,0.1025641,stats_player_reg_2024.csv.gz
00-0037834,Brock Purdy,QB,SF,2024,REG,300,455,3864,20,12,31,-156,5,3,178,66,323,5,2,0,33,77.78267371,19.22465251,486,7,3,96.076007,8.49230769,0.02637363,0.06378601,0.01440329,0.66460905,stats_player_reg_2024.csv.gz
00-0038102,Kenny Pickett,QB,PHI,2024,REG,25,42,291,2,1,4,-33,1,0,12,9,15,1,0,0,3,3.43721113,1.72779672,46,1,0,86.507937,6.92857143,0.02380952,0.08695652,0.02173913,0.32608696,stats_player_reg_2024.csv.gz
00-0038108,Bailey Zappe,QB,CLE,2024,REG,16,31,170,1,2,1,-5,0,0,8,2,2,0,0,0,0,-16.84880541,-0.2898512,32,0,0,51.814516,5.48387097,0.06451613,0.03125,0,0.0625,stats_player_reg_2024.csv.gz
00-0038122,Desmond Ridder,QB,LV,2024,REG,52,85,458,2,2,10,-64,2,2,24,9,36,0,1,0,2,-22.08151339,1.49767392,95,3,2,73.553922,5.38823529,0.02352941,0.10526316,0.03157895,0.37894737,stats_player_reg_2024.csv.gz
00-0038128,Malik Willis,QB,GB,2024,REG,40,54,550,3,0,8,-37,1,1,20,20,138,1,0,0,6,15.29963925,3.91840208,62,1,1,124.768519,10.18518519,0,0.12903226,0.01612903,2.22580645,stats_player_reg_2024.csv.gz
00-0038400,Tanner McKee,QB,PHI,2024,REG,30,45,323,4,0,2,-17,0,0,17,5,-1,0,0,0,1,14.67771328,-3.00282556,47,0,0,117.175926,7.17777778,0,0.04255319,0,-0.0212766,stats_player_reg_2024.csv.gz
00-0038416,Tyson Bagent,QB,CHI,2024,REG,2,2,11,0,0,0,0,0,0,1,6,-7,0,0,0,0,0.3188675,0,2,0,0,89.583333,5.5,0,0,0,-3.5,stats_player_reg_2024.csv.gz
00-0038476,Tommy DeVito,QB,NYG,2024,REG,31,44,257,0,0,6,-31,0,0,15,8,32,0,0,0,1,-8.00893249,-2.73994595,50,0,0,85.132576,5.84090909,0,0.12,0,0.64,stats_player_reg_2024.csv.gz
00-0038550,Hendon Hooker,QB,DET,2024,REG,6,9,62,0,0,1,-9,0,0,3,5,2,0,0,0,1,-2.07688757,-2.99576761,10,0,0,86.342593,6.88888889,0,0.1,0,0.2,stats_player_reg_2024.csv.gz
00-0038579,Aidan O'Connell,QB,LV,2024,REG,154,243,1612,8,4,10,-82,0,0,78,21,30,1,2,2,10,2.40866368,-8.12173436,253,2,2,86.651235,6.63374486,0.01646091,0.03952569,0.00790514,0.11857708,stats_player_reg_2024.csv.gz
00-0038582,Clayton Tune,QB,ARI,2024,REG,2,2,8,0,0,0,0,0,0,0,7,-4,0,1,1,2,-1.12801868,-10.53962424,2,1,1,83.333333,4,0,0,0.5,-2,stats_player_reg_2024.csv.gz
00-0038583,Dorian Thompson-Robinson,QB,CLE,2024,REG,61,118,440,0,6,8,-47,2,1,20,21,122,0,1,0,9,-71.14114697,5.99139755,126,3,1,39.512712,3.72881356,0.05084746,0.06349206,0.02380952,0.96825397,stats_player_reg_2024.csv.gz
00-0038998,Jake Haener,QB,NO,2024,REG,18,39,226,1,1,6,-55,0,0,10,11,22,0,0,0,0,-14.94847915,-1.55629123,45,0,0,62.553419,5.79487179,0.02564103,0.13333333,0,0.48888889,stats_player_reg_2024.csv.gz
00-0039150,Bryce Young,QB,CAR,2024,REG,234,384,2403,15,9,29,-186,3,1,117,43,249,6,1,1,15,-25.86607748,15.5478852,413,4,2,82.19401,6.2578125,0.0234375,0.07021792,0.00968523,0.60290557,stats_player_reg_2024.csv.gz
00-0039152,Will Levis,QB,TEN,2024,REG,190,301,2091,13,12,41,-233,5,3,86,45,183,0,5,3,20,-65.51893214,-17.49655426,342,10,6,81.416113,6.94684385,0.03986711,0.11988304,0.02923977,0.53508772,stats_player_reg_2024.csv.gz
00-0039163,C.J. Stroud,QB,HOU,2024,REG,336,532,3727,20,12,52,-408,3,2,187,52,233,0,3,2,14,-13.10815222,-7.20744144,584,6,4,87.037907,7.0056391,0.02255639,0.0890411,0.01027397,0.3989726,stats_player_reg_2024.csv.gz
00-0039164,Anthony Richardson,QB,IND,2024,REG,126,264,1814,8,12,14,-115,2,2,73,86,499,6,6,1,34,-39.16521619,23.78799525,278,8,3,61.647727,6.87121212,0.04545455,0.05035971,0.02877698,1.79496403,stats_player_reg_2024.csv.gz
00-0039376,Spencer Rattler,QB,NO,2024,REG,130,228,1317,4,5,22,-136,4,3,62,18,146,0,1,0,7,-75.73932699,13.57540308,250,5,3,70.376462,5.77631579,0.02192982,0.088,0.02,0.584,stats_player_reg_2024.csv.gz
00-0039398,Joe Milton III,QB,NE,2024,REG,22,29,241,1,0,0,0,0,0,14,10,16,1,1,1,4,11.79071613,-3.96280624,29,1,1,111.422414,8.31034483,0,0,0.03448276,0.55172414,stats_player_reg_2024.csv.gz
00-0039732,Bo Nix,QB,DEN,2024,REG,376,567,3775,29,12,24,-198,1,0,170,92,430,4,1,0,41,34.4410073,22.07022417,591,2,0,93.316432,6.65784832,0.02116402,0.04060914,0.00338409,0.72758037,stats_player_reg_2024.csv.gz
00-0039851,Drake Maye,QB,NE,2024,REG,225,338,2276,15,10,34,-229,5,4,112,54,421,2,4,2,22,-26.45330933,20.10827512,372,9,6,88.079389,6.73372781,0.0295858,0.09139785,0.02419355,1.13172043,stats_player_reg_2024.csv.gz
00-0039910,Jayden Daniels,QB,WAS,2024,REG,331,480,3568,25,9,47,-238,2,0,170,148,891,6,3,0,55,60.85465113,58.52580386,527,5,0,100.069444,7.43333333,0.01875,0.08918406,0.00948767,1.69070209,stats_player_reg_2024.csv.gz
00-0039917,Michael Penix Jr.,QB,ATL,2024,REG,61,105,775,3,3,4,-14,2,0,35,7,11,1,0,0,1,14.55311695,0.58561914,109,2,0,78.869048,7.38095238,0.02857143,0.03669725,0.01834862,0.10091743,stats_player_reg_2024.csv.gz
00-0039918,Caleb Williams,QB,CHI,2024,REG,351,562,3541,20,6,68,-466,6,3,171,81,489,0,3,2,27,-47.27484326,11.63208358,630,9,5,87.79656,6.30071174,0.01067616,0.10793651,0.01428571,0.77619048,stats_player_reg_2024.csv.gz
00-0022942,Philip Rivers,QB,IND,2025,REG,58,92,544,4,3,5,-37,1,0,30,2,-1,0,1,0,0,-11.19553557,-1.14645677,97,2,0,80.163043,5.91304348,0.0326087,0.05154639,0.02061856,-0.01030928,stats_player_reg_2025.csv.gz
00-0023459,Aaron Rodgers,QB,PIT,2025,REG,327,498,3322,24,7,29,-180,3,1,143,21,61,1,1,0,4,28.32458581,-2.95120707,527,4,1,94.804217,6.67068273,0.01405622,0.05502846,0.00759013,0.11574953,stats_player_reg_2025.csv.gz
00-0026158,Joe Flacco,QB,CIN,2025,REG,251,416,2479,15,10,18,-118,3,3,115,21,35,1,0,0,9,-40.87212522,5.42383517,434,3,3,79.196715,5.95913462,0.02403846,0.04147465,0.00691244,0.08064516,stats_player_reg_2025.csv.gz
00-0026300,Josh Johnson,QB,WAS,2025,REG,34,54,372,1,2,2,-14,0,0,21,12,55,1,2,1,4,3.81900989,-4.7993248,56,2,1,73.996914,6.88888889,0.03703704,0.03571429,0.03571429,0.98214286,stats_player_reg_2025.csv.gz
00-0026498,Matthew Stafford,QB,LA,2025,REG,388,597,4707,46,8,23,-150,2,2,236,29,1,0,3,1,0,150.45430748,-31.83531361,620,5,3,109.195282,7.88442211,0.01340034,0.03709677,0.00806452,0.0016129,stats_player_reg_2025.csv.gz
00-0027973,Andy Dalton,QB,CAR,2025,REG,25,37,293,1,1,8,-54,1,1,17,5,-2,0,1,1,0,-5.66167038,-8.65915322,45,2,2,89.132883,7.91891892,0.02702703,0.17777778,0.04444444,-0.04444444,stats_player_reg_2025.csv.gz
00-0028118,Tyrod Taylor,QB,NYJ,2025,REG,80,134,779,5,5,14,-82,1,1,41,27,143,1,0,0,10,-13.31491078,5.41324448,148,1,1,72.947761,5.81343284,0.03731343,0.09459459,0.00675676,0.96621622,stats_player_reg_2025.csv.gz
00-0029263,Russell Wilson,QB,NYG,2025,REG,69,119,831,3,3,10,-66,2,0,32,18,106,0,1,0,6,-15.66626194,-1.28636392,129,3,0,77.398459,6.98319328,0.02521008,0.07751938,0.02325581,0.82170543,stats_player_reg_2025.csv.gz
00-0029604,Kirk Cousins,QB,ATL,2025,REG,166,269,1721,10,5,13,-79,2,0,86,14,7,1,1,1,4,-0.93079828,-2.49241856,282,3,1,84.812577,6.39776952,0.01858736,0.04609929,0.0106383,0.0248227,stats_player_reg_2025.csv.gz
00-0030565,Geno Smith,QB,LV,2025,REG,302,448,3025,19,17,55,-405,3,1,148,41,109,0,1,0,13,-72.92140605,-1.67355429,503,4,1,84.719122,6.75223214,0.03794643,0.10934394,0.00795229,0.2166998,stats_player_reg_2025.csv.gz
00-0031237,Teddy Bridgewater,QB,TB,2025,REG,8,15,62,0,0,2,-21,0,0,2,3,4,0,0,0,0,-12.49852695,-0.01880608,17,0,0,63.75,4.13333333,0,0.11764706,0,0.23529412,stats_player_reg_2025.csv.gz
00-0031345,Jimmy Garoppolo,QB,LA,2025,REG,0,0,0,0,0,0,0,0,0,0,9,-10,0,0,0,0,0,0,0,0,0,,,,,,,stats_player_reg_2025.csv.gz
00-0031503,Jameis Winston,QB,NYG,2025,REG,37,66,567,2,2,3,-11,1,1,25,7,23,1,0,0,3,15.39170099,4.28813394,69,1,1,82.070707,8.59090909,0.03030303,0.04347826,0.01449275,0.33333333,stats_player_reg_2025.csv.gz
00-0032268,Marcus Mariota,QB,WAS,2025,REG,139,227,1695,10,7,16,-107,3,1,79,50,297,1,3,2,12,-3.89857204,6.69584233,243,6,3,86.059104,7.46696035,0.030837,0.06584362,0.02469136,1.22222222,stats_player_reg_2025.csv.gz
00-0032434,Brandon Allen,QB,TEN,2025,REG,17,30,72,0,1,1,-7,0,0,3,0,0,0,0,0,0,-24.02839086,0,31,0,0,47.916667,2.4,0.03333333,0.03225806,0,0,stats_player_reg_2025.csv.gz
00-0032950,Carson Wentz,QB,MIN,2025,REG,110,169,1216,6,5,19,-125,2,0,58,11,57,0,1,0,3,6.30060297,-3.24826872,188,3,0,85.811144,7.19526627,0.0295858,0.10106383,0.01595745,0.30319149,stats_player_reg_2025.csv.gz
00-0033077,Dak Prescott,QB,DAL,2025,REG,404,600,4552,30,10,31,-208,2,1,220,53,177,2,4,1,15,114.3494332,-9.4311447,631,6,2,99.527778,7.58666667,0.01666667,0.04912837,0.00950872,0.28050713,stats_player_reg_2025.csv.gz
00-0033106,Jared Goff,QB,DET,2025,REG,393,578,4564,34,8,38,-259,3,3,223,19,45,0,3,2,5,106.46015124,-14.42414307,616,6,5,105.485871,7.89619377,0.01384083,0.06168831,0.00974026,0.07305195,stats_player_reg_2025.csv.gz
00-0033119,Jacoby Brissett,QB,ARI,2025,REG,315,485,3366,23,8,43,-288,4,4,165,38,168,1,1,0,16,-3.21543134,7.46279588,528,5,4,94.059278,6.94020619,0.01649485,0.08143939,0.0094697,0.31818182,stats_player_reg_2025.csv.gz
00-0033319,Nick Mullens,QB,JAX,2025,REG,3,3,19,0,0,0,0,0,0,2,12,-8,0,0,0,0,2.89976615,-2.45989226,3,0,0,93.055556,6.33333333,0,0,0,-2.66666667,stats_player_reg_2025.csv.gz
00-0033662,Cooper Rush,QB,BAL,2025,REG,34,52,303,0,4,1,-16,0,0,13,4,-4,0,1,1,0,-18.84717218,-5.58112201,53,1,1,48.798077,5.82692308,0.07692308,0.01886792,0.01886792,-0.0754717,stats_player_reg_2025.csv.gz
00-0033869,Mitchell Trubisky,QB,BUF,2025,REG,25,35,313,4,0,0,0,0,0,19,9,6,0,0,0,0,25.73447512,-6.79588433,35,0,0,136.964286,8.94285714,0,0,0,0.17142857,stats_player_reg_2025.csv.gz
00-0033873,Patrick Mahomes,QB,KC,2025,REG,315,502,3587,22,11,34,-193,3,0,173,64,422,5,0,0,27,68.24694078,29.16449397,536,3,0,89.624834,7.14541833,0.02191235,0.06343284,0.00559701,0.78731343,stats_player_reg_2025.csv.gz
00-0033949,Joshua Dobbs,QB,NE,2025,REG,7,10,65,0,0,0,0,0,0,3,10,-5,0,0,0,0,-0.07194295,-6.63265348,10,0,0,87.5,6.5,0,0,0,-0.5,stats_player_reg_2025.csv.gz
00-0034577,Kyle Allen,QB,DET,2025,REG,0,2,0,0,0,0,0,0,0,0,3,-3,0,0,0,0,-1.35526537,0,2,0,0,39.583333,0,0,0,0,-1.5,stats_player_reg_2025.csv.gz
00-0034771,Mason Rudolph,QB,PIT,2025,REG,38,52,310,2,2,2,-12,1,1,17,7,6,0,0,0,2,2.50336369,1.34117261,54,1,1,84.615385,5.96153846,0.03846154,0.03703704,0.01851852,0.11111111,stats_player_reg_2025.csv.gz
00-0034796,Lamar Jackson,QB,BAL,2025,REG,192,302,2549,21,7,36,-239,5,3,109,67,349,2,0,0,24,18.15702217,20.60871839,338,5,3,103.752759,8.44039735,0.02317881,0.10650888,0.0147929,1.03254438,stats_player_reg_2025.csv.gz
00-0034855,Baker Mayfield,QB,TB,2025,REG,343,543,3693,26,11,36,-234,10,3,172,55,382,1,1,0,27,0.67755083,35.72146887,579,11,3,90.580878,6.80110497,0.02025783,0.06217617,0.01899827,0.6597582,stats_player_reg_2025.csv.gz
00-0034857,Josh Allen,QB,BUF,2025,REG,319,460,3668,25,10,40,-298,1,1,177,112,579,14,6,2,46,71.32633646,38.77256823,500,7,3,102.155797,7.97391304,0.02173913,0.08,0.014,1.158,stats_player_reg_2025.csv.gz
00-0034869,Sam Darnold,QB,SEA,2025,REG,323,477,4048,25,14,27,-186,7,5,178,35,95,0,3,1,10,74.57746713,-12.97238504,504,10,6,99.113382,8.48637317,0.0293501,0.05357143,0.01984127,0.18849206,stats_player_reg_2025.csv.gz
00-0034955,Brett Rypien,QB,CIN,2025,REG,0,0,0,0,0,1,-2,0,0,0,0,0,0,0,0,0,-1.23787799,0,1,0,0,,,,1,0,0,stats_player_reg_2025.csv.gz
00-0035100,Jake Browning,QB,CIN,2025,REG,81,125,771,6,8,9,-60,1,0,33,9,39,1,0,0,5,-38.38703885,6.78605966,134,1,0,71.116667,6.168,0.064,0.06716418,0.00746269,0.29104478,stats_player_reg_2025.csv.gz
00-0035228,Kyler Murray,QB,ARI,2025,REG,110,161,962,6,3,16,-111,0,0,50,29,173,1,1,1,10,5.72059113,4.08874778,177,1,1,88.574017,5.97515528,0.01863354,0.09039548,0.00564972,0.97740113,stats_player_reg_2025.csv.gz
00-0035264,Jarrett Stidham,QB,DEN,2025,REG,0,0,0,0,0,0,0,0,0,0,1,-1,0,0,0,0,0,0,0,0,0,,,,,,,stats_player_reg_2025.csv.gz
00-0035289,Gardner Minshew,QB,KC,2025,REG,6,13,37,0,1,0,0,0,0,2,6,2,0,0,0,0,-6.41468303,-0.57099194,13,0,0,20.99359,2.84615385,0.07692308,0,0,0.15384615,stats_player_reg_2025.csv.gz
00-0035704,Drew Lock,QB,SEA,2025,REG,2,3,15,0,0,0,0,0,0,1,6,-5,0,2,0,0,-0.89272281,-0.96694847,3,2,0,78.472222,5,0,0,0.66666667,-1.66666667,stats_player_reg_2025.csv.gz
00-0035710,Daniel Jones,QB,IND,2025,REG,261,384,3101,19,8,22,-158,6,3,149,45,164,5,2,0,19,65.255515,16.17640767,406,8,3,100.184462,8.07552083,0.02083333,0.05418719,0.01970443,0.40394089,stats_player_reg_2025.csv.gz
00-0035993,Tyler Huntley,QB,BAL,2025,REG,52,67,426,2,0,8,-38,0,0,19,24,151,0,0,0,11,5.6594832,10.84762453,75,0,0,103.109453,6.35820896,0,0.10666667,0,2.01333333,stats_player_reg_2025.csv.gz
00-0036212,Tua Tagovailoa,QB,MIA,2025,REG,260,384,2660,20,15,30,-195,1,1,142,20,43,0,5,0,1,14.39506342,-7.46998686,414,6,1,88.454861,6.92708333,0.0390625,0.07246377,0.01449275,0.10386473,stats_player_reg_2025.csv.gz
00-0036264,Jordan Love,QB,GB,2025,REG,291,439,3381,23,6,21,-169,2,2,159,47,199,0,3,0,14,110.61128783,12.33899585,460,5,2,101.181663,7.70159453,0.01366743,0.04565217,0.01086957,0.4326087,stats_player_reg_2025.csv.gz
00-0036355,Justin Herbert,QB,LAC,2025,REG,340,512,3727,26,13,54,-301,3,1,175,83,498,2,4,1,34,16.1146135,15.89631059,566,7,2,94.099935,7.27929688,0.02539062,0.09540636,0.01236749,0.87985866,stats_player_reg_2025.csv.gz
00-0036389,Jalen Hurts,QB,PHI,2025,REG,294,454,3224,25,6,32,-181,3,1,150,105,421,8,4,2,40,34.31444328,16.6811417,486,7,3,98.485683,7.10132159,0.01321586,0.06584362,0.01440329,0.86625514,stats_player_reg_2025.csv.gz
00-0036442,Joe Burrow,QB,CIN,2025,REG,173,259,1809,17,5,17,-113,0,0,100,14,41,0,0,0,5,36.60709334,3.56519397,276,0,0,100.683719,6.98455598,0.01930502,0.0615942,0,0.14855072,stats_player_reg_2025.csv.gz
00-0036679,Shane Buechele,QB,KC,2025,REG,7,14,88,0,0,5,-22,0,0,4,1,4,0,0,0,0,-6.82547294,-0.83470584,19,0,0,69.940476,6.28571429,0,0.26315789,0,0.21052632,stats_player_reg_2025.csv.gz
00-0036898,Davis Mills,QB,HOU,2025,REG,91,159,915,5,1,8,-60,0,0,48,13,60,1,1,0,2,-16.75525039,-0.84783209,167,1,0,81.616876,5.75471698,0.00628931,0.04790419,0.00598802,0.35928144,stats_player_reg_2025.csv.gz
00-0036945,Justin Fields,QB,NYJ,2025,REG,128,204,1259,7,1,27,-192,2,1,58,71,383,4,2,2,26,-22.45162303,8.76281333,231,4,3,89.481209,6.17156863,0.00490196,0.11688312,0.01731602,1.65800866,stats_player_reg_2025.csv.gz
00-0036971,Trevor Lawrence,QB,JAX,2025,REG,341,560,4007,29,12,41,-247,3,2,194,82,359,9,2,1,40,38.40972144,26.84475851,601,5,3,90.974702,7.15535714,0.02142857,0.06821963,0.00831947,0.59733777,stats_player_reg_2025.csv.gz
00-0036972,Mac Jones,QB,SF,2025,REG,201,289,2151,13,6,16,-108,3,2,107,36,60,0,1,0,11,44.68512074,-5.26777635,305,4,2,97.397636,7.44290657,0.02076125,0.05245902,0.01311475,0.19672131,stats_player_reg_2025.csv.gz
00-0037012,Trey Lance,QB,LAC,2025,REG,27,57,226,0,1,6,-44,1,1,10,17,85,0,0,0,5,-39.46669256,1.25343599,63,1,1,50.767544,3.96491228,0.01754386,0.0952381,0.01587302,1.34920635,stats_player_reg_2025.csv.gz
00-0037013,Zach Wilson,QB,MIA,2025,REG,6,11,32,0,0,0,0,0,0,3,3,1,0,0,0,0,-6.62134443,-0.2385015,11,0,0,60.037879,2.90909091,0,0,0,0.09090909,stats_player_reg_2025.csv.gz
00-0037324,Chris Oladokun,QB,KC,2025,REG,35,55,235,1,0,8,-93,2,1,10,5,18,0,1,1,0,-30.12312913,-5.56923865,63,3,2,78.977273,4.27272727,0,0.12698413,0.04761905,0.28571429,stats_player_reg_2025.csv.gz
00-0037834,Brock Purdy,QB,SF,2025,REG,197,284,2167,20,10,11,-53,3,2,130,33,147,3,0,0,16,63.12993912,16.19208971,295,3,2,100.484155,7.63028169,0.03521127,0.03728814,0.01016949,0.49830508,stats_player_reg_2025.csv.gz
00-0038102,Kenny Pickett,QB,LV,2025,REG,28,45,188,1,2,8,-54,0,0,8,5,22,0,1,1,3,-28.78769195,-3.21902943,53,1,1,60.231481,4.17777778,0.04444444,0.1509434,0.01886792,0.41509434,stats_player_reg_2025.csv.gz
00-0038128,Malik Willis,QB,GB,2025,REG,30,35,422,3,0,3,-15,0,0,19,22,123,2,2,1,9,28.08442509,1.06311157,38,2,1,145.47619,12.05714286,0,0.07894737,0.05263158,3.23684211,stats_player_reg_2025.csv.gz
00-0038400,Tanner McKee,QB,PHI,2025,REG,24,43,274,1,1,3,-14,0,0,16,8,8,0,0,0,1,-2.46193814,-5.17026039,46,0,0,73.207364,6.37209302,0.02325581,0.06521739,0,0.17391304,stats_player_reg_2025.csv.gz
00-0038416,Tyson Bagent,QB,CHI,2025,REG,3,4,47,0,0,0,0,0,0,2,2,7,0,1,0,0,2.30508261,-0.37115291,4,1,0,113.541667,11.75,0,0,0.25,1.75,stats_player_reg_2025.csv.gz
00-0038579,Aidan O'Connell,QB,LV,2025,REG,10,22,102,0,0,1,-5,0,0,5,1,7,0,0,0,0,-5.86369217,0.1567705,23,0,0,59.280303,4.63636364,0,0.04347826,0,0.30434783,stats_player_reg_2025.csv.gz
00-0038582,Clayton Tune,QB,GB,2025,REG,7,15,42,0,1,5,-44,1,0,2,5,23,0,0,0,2,-19.89934452,2.17913719,20,1,0,25.694444,2.8,0.06666667,0.25,0.05,1.15,stats_player_reg_2025.csv.gz
00-0038658,Adrian Martinez,QB,SF,2025,REG,0,0,0,0,0,0,0,0,0,0,1,-1,0,0,0,0,0,-2.32438811,0,0,0,,,,,,,stats_player_reg_2025.csv.gz
00-0039150,Bryce Young,QB,CAR,2025,REG,304,478,3011,23,11,27,-202,3,2,153,54,216,2,3,2,16,-21.97291641,4.17317515,505,6,4,87.77894,6.29916318,0.02301255,0.05346535,0.01188119,0.42772277,stats_player_reg_2025.csv.gz
00-0039163,C.J. Stroud,QB,HOU,2025,REG,273,423,3041,19,8,23,-189,0,0,136,48,209,1,2,0,18,47.66119819,15.04224827,446,2,0,92.912727,7.1891253,0.01891253,0.05156951,0.0044843,0.46860987,stats_player_reg_2025.csv.gz
00-0039164,Anthony Richardson,QB,IND,2025,REG,1,2,9,0,0,0,0,0,0,1,4,-1,0,0,0,1,-1.21161995,-2.42982202,2,0,0,62.5,4.5,0,0,0,-0.5,stats_player_reg_2025.csv.gz
00-0039376,Spencer Rattler,QB,NO,2025,REG,174,257,1586,8,5,18,-104,3,1,74,31,167,0,1,1,17,-21.49794802,8.63988027,275,4,2,86.486706,6.17120623,0.01945525,0.06545455,0.01454545,0.60727273,stats_player_reg_2025.csv.gz
00-0039398,Joe Milton III,QB,DAL,2025,REG,15,24,183,1,2,0,0,0,0,9,5,50,0,1,1,1,0.63703236,-2.09156577,24,1,1,65.104167,7.625,0.08333333,0,0.04166667,2.08333333,stats_player_reg_2025.csv.gz
00-0039577,Kedon Slovis,QB,ARI,2025,REG,1,2,-2,0,0,0,0,0,0,0,0,0,0,0,0,0,-2.14663143,0,2,0,0,56.25,-1,0,0,0,0,stats_player_reg_2025.csv.gz
00-0039732,Bo Nix,QB,DEN,2025,REG,388,612,3931,25,11,22,-119,2,1,196,83,356,5,2,1,25,63.32275761,8.41374439,634,4,2,87.806373,6.42320261,0.01797386,0.03470032,0.00630915,0.5615142,stats_player_reg_2025.csv.gz
00-0039851,Drake Maye,QB,NE,2025,REG,354,492,4394,31,8,47,-201,6,3,203,103,450,4,2,0,38,166.21454196,11.21286737,539,8,3,113.482385,8.93089431,0.01626016,0.08719852,0.0148423,0.83487941,stats_player_reg_2025.csv.gz
00-0039910,Jayden Daniels,QB,WAS,2025,REG,114,188,1262,8,3,18,-79,2,1,59,58,278,2,1,1,14,-4.77699602,1.7482306,206,3,2,88.120567,6.71276596,0.01595745,0.08737864,0.01456311,1.34951456,stats_player_reg_2025.csv.gz
00-0039917,Michael Penix Jr.,QB,ATL,2025,REG,166,276,1982,9,3,13,-101,3,2,99,21,70,1,1,0,5,5.13989467,7.11184002,289,4,2,88.466184,7.18115942,0.01086957,0.0449827,0.01384083,0.24221453,stats_player_reg_2025.csv.gz
00-0039918,Caleb Williams,QB,CHI,2025,REG,330,568,3942,27,7,24,-165,1,1,187,77,388,3,7,0,28,42.21739576,5.39883143,592,8,1,90.126174,6.94014085,0.01232394,0.04054054,0.01351351,0.65540541,stats_player_reg_2025.csv.gz
00-0039923,J.J. McCarthy,QB,MIN,2025,REG,140,243,1632,11,12,27,-149,2,2,80,37,181,4,3,0,12,-54.10591478,6.80370663,270,5,2,72.590878,6.71604938,0.04938272,0.1,0.01851852,0.67037037,stats_player_reg_2025.csv.gz
00-0040206,Riley Leonard,QB,IND,2025,REG,39,67,415,2,3,2,-17,1,1,18,6,27,2,0,0,4,-8.2261485,5.26007656,69,1,1,67.692786,6.19402985,0.04477612,0.02898551,0.01449275,0.39130435,stats_player_reg_2025.csv.gz
00-0040234,Quinn Ewers,QB,MIA,2025,REG,55,83,622,3,3,8,-59,1,0,29,8,19,0,2,0,1,-2.2515222,-4.67651185,91,3,0,85.517068,7.4939759,0.03614458,0.08791209,0.03296703,0.20879121,stats_player_reg_2025.csv.gz
00-0040398,Brady Cook,QB,NYJ,2025,REG,88,153,739,2,7,19,-125,2,1,35,13,49,0,1,0,4,-68.34386066,-4.2883397,172,3,1,55.433007,4.83006536,0.04575163,0.11046512,0.01744186,0.28488372,stats_player_reg_2025.csv.gz
00-0040494,Max Brosmer,QB,MIN,2025,REG,47,71,328,0,4,14,-100,2,1,18,7,11,0,0,0,1,-56.52426001,-0.12323844,85,2,1,53.0223,4.61971831,0.05633803,0.16470588,0.02352941,0.12941176,stats_player_reg_2025.csv.gz
00-0040668,Shedeur Sanders,QB,CLE,2025,REG,120,212,1400,7,10,23,-164,2,1,54,21,169,1,0,0,7,-59.30007444,9.78334559,235,2,1,68.121069,6.60377358,0.04716981,0.09787234,0.00851064,0.71914894,stats_player_reg_2025.csv.gz
00-0040673,Jalen Milroe,QB,SEA,2025,REG,0,0,0,0,0,0,0,0,0,0,3,4,0,1,1,0,0,-6.44113841,0,1,1,,,,,,,stats_player_reg_2025.csv.gz
00-0040676,Cam Ward,QB,TEN,2025,REG,323,540,3169,15,7,55,-410,9,7,153,39,159,2,1,0,15,-109.09375109,8.49429983,595,10,7,80.239198,5.86851852,0.01296296,0.09243697,0.01680672,0.26722689,stats_player_reg_2025.csv.gz
00-0040691,Jaxson Dart,QB,NYG,2025,REG,216,339,2272,15,5,35,-152,2,1,102,86,487,9,3,1,38,3.41943225,38.12404707,374,5,2,91.709685,6.7020649,0.01474926,0.09358289,0.01336898,1.30213904,stats_player_reg_2025.csv.gz
00-0040704,Dillon Gabriel,QB,CLE,2025,REG,110,185,937,7,2,19,-127,0,0,45,14,86,0,0,0,4,-44.89784184,0.42800254,204,0,0,80.844595,5.06486486,0.01081081,0.09313725,0,0.42156863,stats_player_reg_2025.csv.gz
00-0040743,Tyler Shough,QB,NO,2025,REG,221,327,2384,10,6,31,-195,2,1,107,45,186,3,1,1,11,2.05993894,1.02317729,358,3,2,91.329001,7.29051988,0.01834862,0.08659218,0.00837989,0.51955307,stats_player_reg_2025.csv.gz
